T_ID;Date;Unit
5082003;2020-02-01;3454
9113422;2020-02-01;3454
9522377;2020-02-01;3453
2642338;2020-02-01;3455
1618954;2020-02-01;3452
6838347;2020-02-01;3452
1712861;2020-02-01;3452
6295864;2020-02-01;3454
7171236;2020-02-01;3453
7189680;2020-02-01;3454
7959229;2020-02-01;3451
9530943;2020-02-01;3453
2381430;2020-02-01;3452
8877698;2020-02-01;3453
2221978;2020-02-01;3451
7550247;2020-02-01;3452
9155888;2020-02-01;3455
3308935;2020-02-01;3455
3321889;2020-02-01;3452
2649696;2020-02-01;3454
3319660;2020-02-01;3454
6685448;2020-02-01;3455
9286989;2020-02-01;3453
8463891;2020-02-01;3452
4212423;2020-02-01;3451
2830865;2020-02-01;3454
3729966;2020-02-01;3453
3043899;2020-02-01;3452
5949290;2020-02-01;3453
7438426;2020-02-01;3453
9380339;2020-02-01;3451
4171925;2020-02-01;3454
2030667;2020-02-01;3454
2809103;2020-02-01;3453
2351697;2020-02-01;3454
9011552;2020-02-01;3452
7570733;2020-02-01;3452
9308801;2020-02-01;3451
4708234;2020-02-01;3453
7156133;2020-02-01;3454
1522662;2020-02-01;3453
7820832;2020-02-01;3451
7059102;2020-02-01;3453
1123817;2020-02-01;3451
3384191;2020-02-01;3454
4911225;2020-02-01;3451
3116695;2020-02-01;3451
3266569;2020-02-01;3452
6429920;2020-02-01;3455
6944028;2020-02-01;3454
9248486;2020-02-01;3453
8909679;2020-02-01;3455
8923912;2020-02-01;3452
4144696;2020-02-01;3453
7252207;2020-02-01;3455
8833352;2020-02-01;3452
9637402;2020-02-01;3453
9310193;2020-02-01;3454
5826541;2020-02-01;3454
9382362;2020-02-01;3451
8493630;2020-02-01;3455
9419449;2020-02-01;3455
9847226;2020-02-01;3453
2715056;2020-02-01;3455
4531448;2020-02-01;3453
1232864;2020-02-01;3453
8460539;2020-02-01;3453
4224198;2020-02-01;3453
6082453;2020-02-01;3453
2036628;2020-02-01;3452
7301165;2020-02-01;3455
7232038;2020-02-01;3452
9857398;2020-02-01;3452
4611929;2020-02-01;3454
5738754;2020-02-01;3453
1935850;2020-02-01;3454
6900440;2020-02-02;3455
9018391;2020-02-02;3455
2016412;2020-02-02;3455
3166127;2020-02-02;3453
3536537;2020-02-02;3453
5273371;2020-02-02;3453
6966873;2020-02-02;3451
4670647;2020-02-02;3451
4628083;2020-02-02;3455
7235309;2020-02-02;3454
6742875;2020-02-02;3452
7610740;2020-02-02;3451
1574844;2020-02-02;3452
3602506;2020-02-02;3454
2384040;2020-02-02;3453
8237384;2020-02-02;3452
3037465;2020-02-02;3452
8204332;2020-02-02;3451
3414049;2020-02-02;3455
8528206;2020-02-02;3451
4785162;2020-02-02;3451
5547783;2020-02-02;3451
6595841;2020-02-02;3451
1809515;2020-02-02;3451
5157110;2020-02-02;3453
9608121;2020-02-02;3454
4529893;2020-02-02;3455
5368104;2020-02-02;3454
2280404;2020-02-02;3452
4516184;2020-02-02;3454
9795847;2020-02-02;3454
1044791;2020-02-02;3453
3226156;2020-02-02;3452
7368067;2020-02-02;3452
3181264;2020-02-02;3452
8658760;2020-02-02;3452
4732784;2020-02-02;3451
9020402;2020-02-02;3454
8934292;2020-02-02;3453
7667184;2020-02-02;3452
1061682;2020-02-02;3451
8231588;2020-02-02;3452
8668844;2020-02-02;3455
2799607;2020-02-02;3452
6361600;2020-02-02;3452
4137808;2020-02-02;3453
3583651;2020-02-02;3454
8236404;2020-02-02;3452
7346670;2020-02-02;3453
6574721;2020-02-02;3454
7959137;2020-02-02;3454
5356554;2020-02-02;3452
5442178;2020-02-02;3453
4494208;2020-02-02;3453
6586732;2020-02-02;3455
9952500;2020-02-02;3455
7098215;2020-02-02;3454
8012606;2020-02-02;3452
7661118;2020-02-02;3451
7199275;2020-02-02;3453
4815881;2020-02-02;3453
5199827;2020-02-02;3451
8144191;2020-02-02;3454
5298629;2020-02-02;3452
6189524;2020-02-02;3453
9511669;2020-02-02;3455
7114204;2020-02-02;3451
3433361;2020-02-02;3455
4837777;2020-02-02;3451
9855491;2020-02-02;3455
4185049;2020-02-02;3454
2429666;2020-02-02;3452
6551346;2020-02-02;3452
6801860;2020-02-02;3451
1638677;2020-02-02;3452
6307170;2020-02-02;3451
7855457;2020-02-02;3453
7299210;2020-02-02;3454
8701094;2020-02-02;3453
1994070;2020-02-02;3455
8095407;2020-02-02;3453
4065418;2020-02-02;3453
3019520;2020-02-02;3451
9374909;2020-02-02;3455
6879403;2020-02-02;3455
6990274;2020-02-02;3452
5701583;2020-02-02;3452
2090847;2020-02-02;3451
9587288;2020-02-02;3453
5238666;2020-02-02;3455
3986412;2020-02-02;3452
1769691;2020-02-02;3453
3107106;2020-02-02;3451
9821742;2020-02-02;3451
7169279;2020-02-02;3452
5559051;2020-02-02;3452
7719867;2020-02-02;3451
9843702;2020-02-02;3452
5754832;2020-02-02;3451
6074300;2020-02-02;3454
1505922;2020-02-02;3452
3095594;2020-02-02;3455
3488942;2020-02-02;3452
1710592;2020-02-02;3453
9435525;2020-02-02;3452
9724041;2020-02-02;3455
3805452;2020-02-03;3452
2717578;2020-02-03;3453
1816925;2020-02-03;3453
2280919;2020-02-03;3451
1209117;2020-02-03;3455
8155999;2020-02-03;3451
9067875;2020-02-03;3451
9188364;2020-02-03;3452
4737652;2020-02-03;3451
6540191;2020-02-03;3451
4407602;2020-02-03;3452
6788397;2020-02-03;3451
8385973;2020-02-03;3452
8201596;2020-02-03;3452
9299394;2020-02-03;3452
9054006;2020-02-03;3452
2380387;2020-02-03;3451
9929741;2020-02-03;3455
2375903;2020-02-03;3453
1254455;2020-02-03;3451
1484728;2020-02-03;3455
7661094;2020-02-03;3453
3525439;2020-02-03;3452
3376879;2020-02-03;3454
9108884;2020-02-03;3455
1720273;2020-02-03;3455
6080955;2020-02-03;3453
5835434;2020-02-03;3454
9623958;2020-02-03;3453
6406664;2020-02-03;3451
6946933;2020-02-03;3453
4706794;2020-02-03;3453
3576259;2020-02-03;3454
3136076;2020-02-03;3454
1576535;2020-02-03;3455
9690513;2020-02-03;3455
4113917;2020-02-03;3452
6961796;2020-02-03;3453
1786164;2020-02-03;3452
1080493;2020-02-03;3454
3828819;2020-02-03;3455
9284841;2020-02-03;3452
1550775;2020-02-03;3451
8869162;2020-02-03;3452
1047533;2020-02-03;3451
1827733;2020-02-03;3451
4174092;2020-02-03;3455
9220796;2020-02-03;3452
3197670;2020-02-03;3451
8736312;2020-02-03;3454
1686700;2020-02-03;3455
4805647;2020-02-03;3452
9520140;2020-02-03;3455
2347428;2020-02-03;3455
5977266;2020-02-03;3454
5103503;2020-02-03;3454
7598235;2020-02-03;3454
5698141;2020-02-03;3454
6441893;2020-02-03;3454
1496130;2020-02-03;3451
7922334;2020-02-03;3454
1992697;2020-02-03;3451
7496968;2020-02-03;3454
5840972;2020-02-03;3451
5979752;2020-02-03;3451
3540912;2020-02-03;3452
1678873;2020-02-03;3454
5568034;2020-02-03;3452
5061463;2020-02-03;3454
7168021;2020-02-03;3452
6989242;2020-02-03;3454
4111417;2020-02-03;3453
5775193;2020-02-03;3455
2177925;2020-02-03;3452
9344213;2020-02-03;3453
1159155;2020-02-03;3453
3817760;2020-02-03;3453
6681325;2020-02-03;3455
7180418;2020-02-03;3451
1978273;2020-02-03;3455
6351848;2020-02-03;3454
4343349;2020-02-03;3451
3867727;2020-02-03;3454
7157762;2020-02-03;3453
2789368;2020-02-03;3452
9289713;2020-02-03;3453
1631159;2020-02-03;3454
2874328;2020-02-03;3453
2749877;2020-02-03;3451
7019210;2020-02-03;3452
4010405;2020-02-03;3455
3003684;2020-02-03;3452
3515031;2020-02-03;3453
7075204;2020-02-03;3452
1774632;2020-02-03;3451
2680039;2020-02-03;3453
8637553;2020-02-03;3454
5763405;2020-02-03;3454
6717382;2020-02-03;3452
9336093;2020-02-03;3452
2614291;2020-02-03;3455
2487093;2020-02-03;3454
8615516;2020-02-03;3452
6908420;2020-02-03;3455
1142840;2020-02-03;3451
5912801;2020-02-03;3451
9069712;2020-02-03;3451
1884341;2020-02-03;3453
2376321;2020-02-03;3451
3458827;2020-02-03;3451
1170480;2020-02-03;3451
8556798;2020-02-03;3453
5590234;2020-02-03;3455
6044747;2020-02-03;3451
1606928;2020-02-03;3452
5497620;2020-02-03;3455
4376490;2020-02-03;3451
3294769;2020-02-03;3451
3803046;2020-02-03;3452
8436171;2020-02-03;3455
7768166;2020-02-03;3451
4141417;2020-02-03;3454
2212086;2020-02-03;3452
9271897;2020-02-03;3451
4536541;2020-02-03;3452
7549756;2020-02-03;3451
4544240;2020-02-03;3453
3486042;2020-02-03;3454
7792394;2020-02-03;3454
7195695;2020-02-03;3454
5935500;2020-02-03;3451
2393669;2020-02-03;3454
5628239;2020-02-03;3453
1555057;2020-02-03;3454
2815954;2020-02-03;3454
5908802;2020-02-03;3453
4618812;2020-02-03;3451
5557356;2020-02-03;3451
5382142;2020-02-03;3453
5167045;2020-02-03;3453
5735208;2020-02-03;3451
6174862;2020-02-03;3454
8346750;2020-02-03;3453
3191241;2020-02-03;3454
4912853;2020-02-03;3455
6469879;2020-02-03;3452
5767331;2020-02-03;3455
2890329;2020-02-03;3454
9365415;2020-02-03;3455
5793122;2020-02-03;3451
1592835;2020-02-03;3455
8172538;2020-02-03;3452
4795128;2020-02-03;3452
7076171;2020-02-03;3454
2863313;2020-02-03;3454
8330538;2020-02-03;3453
9191632;2020-02-03;3455
5226332;2020-02-03;3454
8493534;2020-02-03;3453
9052726;2020-02-03;3454
4371466;2020-02-03;3455
3209021;2020-02-03;3453
6704876;2020-02-03;3455
7845082;2020-02-03;3454
5988251;2020-02-03;3454
2529430;2020-02-03;3452
5724470;2020-02-03;3451
4576822;2020-02-03;3452
4528974;2020-02-03;3455
6059726;2020-02-03;3454
8525635;2020-02-03;3451
6865545;2020-02-03;3452
3288889;2020-02-03;3452
3664018;2020-02-03;3452
5233146;2020-02-03;3455
9905688;2020-02-03;3451
7658558;2020-02-03;3452
5615083;2020-02-03;3454
2584836;2020-02-03;3455
1626015;2020-02-03;3452
2629164;2020-02-03;3455
5878643;2020-02-03;3455
2567802;2020-02-03;3451
4065037;2020-02-03;3451
4553968;2020-02-03;3452
8611502;2020-02-03;3455
7832586;2020-02-03;3453
8628387;2020-02-03;3454
1436275;2020-02-03;3451
6586237;2020-02-03;3453
3916622;2020-02-03;3455
9701516;2020-02-03;3451
2704969;2020-02-03;3452
6825253;2020-02-03;3453
3287349;2020-02-03;3455
6914528;2020-02-03;3455
3207419;2020-02-03;3455
1776518;2020-02-03;3454
6702524;2020-02-03;3451
8440253;2020-02-03;3452
8811362;2020-02-03;3455
9081947;2020-02-03;3451
2353361;2020-02-03;3454
6272993;2020-02-03;3453
7113427;2020-02-03;3455
8299818;2020-02-03;3452
5177148;2020-02-03;3451
6153593;2020-02-03;3451
5021195;2020-02-03;3453
2412486;2020-02-03;3452
4954492;2020-02-03;3455
9870581;2020-02-03;3452
5137574;2020-02-03;3451
9990851;2020-02-03;3453
6613488;2020-02-03;3451
4141106;2020-02-03;3453
5156260;2020-02-03;3453
4063944;2020-02-03;3453
8362108;2020-02-03;3454
1157049;2020-02-03;3451
1585032;2020-02-03;3451
2965338;2020-02-03;3455
7155451;2020-02-03;3453
2992273;2020-02-03;3454
4710140;2020-02-03;3451
6513720;2020-02-03;3454
8551659;2020-02-03;3454
9219469;2020-02-03;3453
8278682;2020-02-03;3451
6416859;2020-02-03;3453
3333857;2020-02-03;3451
9577573;2020-02-03;3452
5793516;2020-02-03;3453
8685763;2020-02-03;3452
3958047;2020-02-03;3455
6778122;2020-02-03;3455
6074610;2020-02-03;3451
6790826;2020-02-03;3453
2917429;2020-02-03;3451
2377942;2020-02-03;3453
2533685;2020-02-03;3451
2504412;2020-02-03;3455
5896104;2020-02-03;3454
1547721;2020-02-03;3454
8725602;2020-02-03;3454
3590741;2020-02-03;3452
2269397;2020-02-03;3452
7185142;2020-02-03;3451
7485515;2020-02-03;3452
5853028;2020-02-03;3452
9209391;2020-02-03;3454
4467489;2020-02-03;3455
5641128;2020-02-03;3453
3118604;2020-02-03;3452
8751298;2020-02-03;3454
2207507;2020-02-03;3455
4444290;2020-02-03;3452
7346994;2020-02-03;3452
7852230;2020-02-03;3452
1907367;2020-02-03;3451
8771254;2020-02-03;3451
4315450;2020-02-03;3455
8741127;2020-02-03;3454
2085639;2020-02-03;3455
3194017;2020-02-03;3453
6360617;2020-02-03;3453
9698379;2020-02-03;3454
6208246;2020-02-03;3454
3369494;2020-02-03;3452
4360056;2020-02-03;3453
1768906;2020-02-03;3454
8529974;2020-02-03;3451
8706873;2020-02-03;3454
2983875;2020-02-03;3455
4494029;2020-02-03;3453
6476349;2020-02-03;3455
5860627;2020-02-03;3455
5729021;2020-02-03;3453
2733040;2020-02-03;3453
8041487;2020-02-03;3454
5205407;2020-02-03;3453
2025303;2020-02-03;3451
8182423;2020-02-03;3455
7938852;2020-02-03;3453
4160512;2020-02-03;3453
4128249;2020-02-03;3454
1569929;2020-02-03;3453
7929243;2020-02-03;3451
7403394;2020-02-03;3454
3178317;2020-02-03;3455
8657033;2020-02-03;3453
5048896;2020-02-03;3453
3226906;2020-02-03;3453
9017036;2020-02-03;3453
9036892;2020-02-03;3453
4848757;2020-02-03;3451
1032864;2020-02-03;3454
2997474;2020-02-03;3454
8155302;2020-02-03;3454
4007463;2020-02-03;3454
1075168;2020-02-03;3452
7612171;2020-02-03;3454
9078532;2020-02-03;3454
9636824;2020-02-03;3454
9376812;2020-02-03;3454
3644417;2020-02-03;3452
9907006;2020-02-03;3453
3626612;2020-02-03;3455
1267922;2020-02-03;3451
5010882;2020-02-03;3455
1966325;2020-02-03;3455
2347957;2020-02-03;3451
6285047;2020-02-03;3453
3597741;2020-02-03;3451
2882671;2020-02-03;3452
7148783;2020-02-03;3451
4500884;2020-02-03;3452
2925669;2020-02-03;3453
6976514;2020-02-03;3451
3412448;2020-02-03;3455
7108635;2020-02-03;3454
8995005;2020-02-03;3451
9655483;2020-02-03;3451
5706566;2020-02-03;3453
6263397;2020-02-03;3455
6438831;2020-02-03;3455
5724066;2020-02-03;3451
5818650;2020-02-03;3451
1460123;2020-02-03;3455
8297835;2020-02-03;3451
4917149;2020-02-03;3454
6340806;2020-02-03;3451
5190601;2020-02-03;3452
6283048;2020-02-03;3454
6600546;2020-02-03;3451
2197908;2020-02-03;3451
7115756;2020-02-03;3451
1287106;2020-02-03;3452
3793258;2020-02-03;3451
1690880;2020-02-03;3451
3714682;2020-02-03;3451
3057913;2020-02-03;3454
1747385;2020-02-03;3452
5493700;2020-02-03;3451
5767197;2020-02-03;3455
6397724;2020-02-03;3453
9555464;2020-02-03;3452
1631836;2020-02-03;3451
2785387;2020-02-03;3453
3747162;2020-02-03;3451
5051582;2020-02-03;3455
4658254;2020-02-03;3451
3995388;2020-02-03;3452
3038890;2020-02-03;3452
6657588;2020-02-03;3453
7912590;2020-02-03;3455
1903764;2020-02-03;3455
3381972;2020-02-03;3452
4960363;2020-02-03;3451
9593804;2020-02-03;3451
2976696;2020-02-03;3455
3822745;2020-02-03;3454
9948413;2020-02-03;3455
9703483;2020-02-03;3453
8604192;2020-02-03;3453
6255712;2020-02-03;3455
9138563;2020-02-03;3454
9253077;2020-02-03;3451
6226606;2020-02-03;3453
9442456;2020-02-03;3453
4563878;2020-02-03;3455
1246151;2020-02-03;3454
7172644;2020-02-03;3453
6029035;2020-02-03;3452
7253526;2020-02-03;3451
6270199;2020-02-03;3454
4078718;2020-02-03;3455
5930120;2020-02-03;3453
8688021;2020-02-03;3454
7287166;2020-02-03;3454
2743716;2020-02-03;3454
9407817;2020-02-03;3455
9582320;2020-02-03;3455
6201699;2020-02-03;3451
5788409;2020-02-03;3455
1673354;2020-02-03;3455
2011832;2020-02-03;3452
4761788;2020-02-03;3453
3044467;2020-02-03;3455
3362681;2020-02-03;3455
9278621;2020-02-03;3451
7881442;2020-02-03;3454
3459608;2020-02-03;3453
1564704;2020-02-03;3451
5522084;2020-02-03;3455
4743456;2020-02-03;3454
3384297;2020-02-03;3452
4521433;2020-02-03;3455
2486380;2020-02-03;3453
5207200;2020-02-03;3452
9041311;2020-02-03;3454
5531391;2020-02-03;3451
7698499;2020-02-03;3451
2029016;2020-02-03;3454
9594192;2020-02-03;3451
9273450;2020-02-03;3455
8080941;2020-02-03;3451
8029978;2020-02-03;3454
1984059;2020-02-03;3454
5861043;2020-02-03;3451
5883412;2020-02-03;3452
5117989;2020-02-03;3452
7669263;2020-02-03;3452
7877948;2020-02-03;3453
6358281;2020-02-03;3455
1592796;2020-02-03;3451
5251821;2020-02-03;3453
6887647;2020-02-03;3455
1335166;2020-02-03;3453
3205368;2020-02-03;3452
2328923;2020-02-03;3452
2245439;2020-02-03;3454
1409267;2020-02-03;3452
9110297;2020-02-03;3453
4530565;2020-02-03;3453
8361311;2020-02-03;3455
6662702;2020-02-03;3453
5509118;2020-02-03;3451
4127191;2020-02-03;3455
4078583;2020-02-03;3453
7397136;2020-02-03;3454
5607477;2020-02-03;3452
3743008;2020-02-03;3453
7240081;2020-02-03;3454
5441794;2020-02-03;3454
9507243;2020-02-03;3452
3446872;2020-02-03;3451
5700828;2020-02-03;3453
2617091;2020-02-03;3451
5166668;2020-02-03;3452
2440618;2020-02-03;3452
7834479;2020-02-03;3451
5806834;2020-02-03;3455
4943226;2020-02-03;3452
9538832;2020-02-03;3452
4783870;2020-02-03;3453
6682057;2020-02-03;3453
5409062;2020-02-03;3455
6695533;2020-02-03;3451
5798942;2020-02-03;3454
3352421;2020-02-03;3452
6486510;2020-02-03;3455
8459186;2020-02-03;3451
7695280;2020-02-03;3453
5078549;2020-02-03;3451
7262233;2020-02-03;3451
6717274;2020-02-03;3452
7202224;2020-02-03;3455
7027045;2020-02-03;3453
5025382;2020-02-03;3453
5284180;2020-02-03;3454
9723857;2020-02-03;3452
4962121;2020-02-03;3451
3940515;2020-02-03;3451
7960251;2020-02-03;3455
7418304;2020-02-03;3451
9513950;2020-02-04;3455
8713349;2020-02-04;3453
3488945;2020-02-04;3453
6237832;2020-02-05;3452
9312693;2020-02-05;3453
6459457;2020-02-05;3453
1984708;2020-02-05;3451
6631621;2020-02-05;3455
2003582;2020-02-05;3451
7020329;2020-02-05;3453
6176109;2020-02-05;3455
6406589;2020-02-05;3451
8751215;2020-02-05;3455
7358101;2020-02-05;3451
2812757;2020-02-05;3453
5924588;2020-02-05;3455
1164984;2020-02-05;3453
5317433;2020-02-05;3452
9555342;2020-02-05;3454
1027559;2020-02-05;3452
8713142;2020-02-05;3455
3201193;2020-02-05;3451
6761171;2020-02-05;3453
6332909;2020-02-05;3451
7072777;2020-02-05;3454
5836400;2020-02-05;3452
2656302;2020-02-05;3455
4488559;2020-02-05;3452
4297632;2020-02-05;3451
9911266;2020-02-05;3454
7807506;2020-02-05;3451
2859445;2020-02-05;3452
3047575;2020-02-05;3452
3752068;2020-02-05;3454
9327256;2020-02-05;3451
4552343;2020-02-05;3455
9754495;2020-02-05;3455
6924489;2020-02-05;3455
3321934;2020-02-05;3453
8744733;2020-02-05;3452
7492876;2020-02-05;3451
1220453;2020-02-05;3452
3962389;2020-02-05;3452
4125046;2020-02-05;3455
3275620;2020-02-05;3455
5481649;2020-02-05;3452
4820716;2020-02-05;3451
7482677;2020-02-05;3454
3385882;2020-02-05;3455
5373251;2020-02-05;3454
1309003;2020-02-05;3453
1824849;2020-02-05;3451
8207161;2020-02-05;3451
6747666;2020-02-05;3451
5694730;2020-02-05;3454
4609149;2020-02-05;3451
9790365;2020-02-05;3452
2020966;2020-02-05;3454
5485562;2020-02-05;3452
4047186;2020-02-05;3455
4792743;2020-02-05;3451
3949217;2020-02-05;3455
7403715;2020-02-05;3452
7427641;2020-02-05;3455
2439215;2020-02-05;3454
6688917;2020-02-06;3454
3168201;2020-02-06;3454
9293743;2020-02-06;3451
2728924;2020-02-06;3451
4541527;2020-02-06;3453
9251454;2020-02-06;3451
3588646;2020-02-06;3453
1321136;2020-02-06;3454
9043928;2020-02-06;3453
9482579;2020-02-06;3453
1052582;2020-02-06;3451
8691409;2020-02-06;3452
3177266;2020-02-06;3452
7087453;2020-02-06;3455
4170988;2020-02-06;3454
5407933;2020-02-06;3453
7717276;2020-02-06;3451
1393674;2020-02-06;3451
4082782;2020-02-06;3454
7566999;2020-02-06;3455
5276130;2020-02-06;3453
5330815;2020-02-06;3453
9180260;2020-02-06;3455
8282139;2020-02-06;3454
3776586;2020-02-06;3454
4950742;2020-02-06;3454
3525859;2020-02-06;3452
9726708;2020-02-06;3454
4123532;2020-02-06;3451
7990650;2020-02-06;3453
9479052;2020-02-06;3452
8570440;2020-02-06;3454
3272043;2020-02-06;3453
5904988;2020-02-06;3452
3671410;2020-02-06;3454
5963198;2020-02-06;3452
4487871;2020-02-06;3455
6209227;2020-02-06;3453
3507803;2020-02-06;3454
6376110;2020-02-06;3455
5177237;2020-02-06;3452
3848617;2020-02-06;3455
1390976;2020-02-06;3454
6302384;2020-02-06;3452
3836412;2020-02-06;3454
8463992;2020-02-06;3455
1462150;2020-02-06;3453
6353515;2020-02-06;3455
9798055;2020-02-06;3452
2656309;2020-02-06;3451
8785430;2020-02-06;3454
1231878;2020-02-06;3451
4634185;2020-02-06;3452
6231831;2020-02-06;3454
9174142;2020-02-06;3451
7087927;2020-02-06;3451
8821238;2020-02-06;3455
6401364;2020-02-06;3453
9593911;2020-02-06;3451
4519803;2020-02-06;3453
5742479;2020-02-06;3453
8687234;2020-02-06;3451
8527327;2020-02-06;3455
5323896;2020-02-06;3452
3041597;2020-02-06;3455
3777163;2020-02-06;3451
4276624;2020-02-06;3455
3467420;2020-02-06;3455
3899370;2020-02-06;3453
2371131;2020-02-06;3453
7071021;2020-02-06;3452
7094924;2020-02-06;3452
8255694;2020-02-06;3451
7069631;2020-02-06;3453
6666457;2020-02-06;3454
2935274;2020-02-06;3451
3656900;2020-02-06;3454
6497256;2020-02-06;3451
8680007;2020-02-06;3454
9267667;2020-02-06;3454
1817996;2020-02-06;3453
2601757;2020-02-06;3452
7815817;2020-02-06;3452
6038035;2020-02-06;3451
3493861;2020-02-06;3453
9920389;2020-02-06;3455
9470282;2020-02-06;3451
2342560;2020-02-06;3451
3545230;2020-02-06;3454
6243235;2020-02-06;3455
2575935;2020-02-06;3455
8324768;2020-02-06;3455
9234685;2020-02-06;3451
6757043;2020-02-06;3454
7960527;2020-02-06;3454
3165373;2020-02-06;3452
1709991;2020-02-06;3451
4478517;2020-02-06;3455
3070475;2020-02-06;3455
3041842;2020-02-06;3452
1079066;2020-02-06;3451
5333030;2020-02-06;3454
2067269;2020-02-06;3452
9715642;2020-02-06;3452
5584337;2020-02-06;3453
1666269;2020-02-06;3453
3519769;2020-02-06;3454
8976606;2020-02-06;3455
6741908;2020-02-06;3453
4411881;2020-02-06;3453
9685420;2020-02-06;3453
7994276;2020-02-06;3453
1819436;2020-02-06;3453
3755580;2020-02-06;3451
6990620;2020-02-06;3451
7470934;2020-02-06;3455
3018262;2020-02-06;3451
7408877;2020-02-06;3453
6960076;2020-02-06;3455
4124973;2020-02-06;3453
7464433;2020-02-06;3453
2048439;2020-02-06;3451
9440973;2020-02-06;3452
8085802;2020-02-06;3451
3343703;2020-02-06;3455
8221652;2020-02-06;3455
3548889;2020-02-06;3452
1436404;2020-02-06;3454
9459876;2020-02-06;3453
1054478;2020-02-06;3451
3456455;2020-02-06;3451
4526473;2020-02-06;3453
8550199;2020-02-06;3452
8350729;2020-02-06;3453
9328094;2020-02-06;3455
3571723;2020-02-06;3453
2641808;2020-02-06;3454
6496605;2020-02-06;3454
3872051;2020-02-06;3451
5279987;2020-02-06;3455
1566006;2020-02-06;3453
9094282;2020-02-06;3453
5272167;2020-02-06;3451
8732008;2020-02-06;3451
6507195;2020-02-06;3452
6481936;2020-02-06;3453
2643597;2020-02-06;3451
2626950;2020-02-06;3452
4241004;2020-02-06;3453
2842525;2020-02-06;3451
6484992;2020-02-06;3454
8961771;2020-02-06;3454
9550033;2020-02-06;3454
9982960;2020-02-06;3451
5448543;2020-02-06;3454
7812366;2020-02-06;3451
1668198;2020-02-06;3455
5833880;2020-02-06;3455
1789452;2020-02-06;3453
5721194;2020-02-06;3452
3697811;2020-02-06;3455
3542507;2020-02-06;3455
8176154;2020-02-06;3452
9830658;2020-02-06;3451
1021311;2020-02-06;3455
1934557;2020-02-06;3451
7250227;2020-02-06;3453
2397905;2020-02-06;3454
5942337;2020-02-06;3454
6746716;2020-02-06;3454
1123640;2020-02-06;3455
7296795;2020-02-06;3451
7390918;2020-02-06;3452
2748485;2020-02-06;3451
8970854;2020-02-06;3451
7985948;2020-02-06;3454
9717668;2020-02-06;3451
5983002;2020-02-06;3455
5359053;2020-02-06;3453
2535915;2020-02-06;3454
5748031;2020-02-06;3453
8883198;2020-02-06;3455
5463091;2020-02-06;3453
7358312;2020-02-06;3455
3385616;2020-02-06;3452
7152056;2020-02-06;3452
9786270;2020-02-06;3455
5438823;2020-02-06;3455
3573819;2020-02-06;3455
7238541;2020-02-06;3453
5252270;2020-02-06;3454
3560976;2020-02-06;3451
3037779;2020-02-06;3454
3169092;2020-02-06;3452
7946965;2020-02-06;3451
5354278;2020-02-06;3455
5535422;2020-02-06;3454
9830249;2020-02-06;3452
3404031;2020-02-06;3454
6654882;2020-02-06;3451
7578762;2020-02-06;3454
9905226;2020-02-06;3451
5462250;2020-02-06;3455
7483684;2020-02-06;3452
8538271;2020-02-06;3452
6391739;2020-02-06;3455
2758744;2020-02-06;3455
6657921;2020-02-06;3451
6858905;2020-02-06;3452
9841098;2020-02-06;3452
6665417;2020-02-06;3455
4797258;2020-02-06;3451
9494803;2020-02-06;3451
1274705;2020-02-06;3455
9093899;2020-02-06;3455
6674397;2020-02-06;3453
7494517;2020-02-06;3451
3446445;2020-02-06;3452
2048806;2020-02-06;3453
2119175;2020-02-06;3454
3105931;2020-02-06;3454
9675192;2020-02-06;3454
1864199;2020-02-06;3451
1528157;2020-02-06;3451
7050092;2020-02-06;3452
3873785;2020-02-06;3452
3845274;2020-02-06;3455
9683816;2020-02-06;3453
8020681;2020-02-06;3452
5293718;2020-02-06;3453
4710820;2020-02-06;3455
8810558;2020-02-06;3452
4008454;2020-02-06;3451
8441374;2020-02-06;3451
7423524;2020-02-06;3453
6790091;2020-02-06;3453
5063723;2020-02-06;3453
4551661;2020-02-06;3451
6216122;2020-02-06;3455
2750427;2020-02-06;3453
6850181;2020-02-06;3455
2688396;2020-02-06;3452
9431828;2020-02-06;3454
1373058;2020-02-06;3453
2581046;2020-02-06;3454
2054102;2020-02-06;3451
6604301;2020-02-06;3455
8340731;2020-02-06;3451
5914117;2020-02-06;3451
8245972;2020-02-06;3451
4328296;2020-02-06;3452
3299167;2020-02-06;3452
3325616;2020-02-06;3454
2334454;2020-02-06;3452
3248035;2020-02-06;3451
6647443;2020-02-06;3455
3640273;2020-02-06;3452
2047437;2020-02-06;3453
3288581;2020-02-06;3455
8382500;2020-02-06;3452
6912672;2020-02-06;3452
4865491;2020-02-06;3454
8104625;2020-02-06;3452
1162247;2020-02-06;3455
4886852;2020-02-06;3455
2163124;2020-02-06;3451
4916703;2020-02-06;3455
3616133;2020-02-06;3452
7326469;2020-02-06;3454
3241765;2020-02-06;3451
1055831;2020-02-06;3454
5633920;2020-02-06;3454
6859016;2020-02-06;3453
8325666;2020-02-06;3453
3092370;2020-02-06;3452
6083754;2020-02-06;3455
4533374;2020-02-06;3451
1397397;2020-02-06;3452
2211593;2020-02-06;3453
3170938;2020-02-06;3453
3758948;2020-02-06;3455
1580958;2020-02-06;3453
1120031;2020-02-06;3451
6570036;2020-02-06;3452
1455147;2020-02-06;3452
5429056;2020-02-06;3453
2360214;2020-02-06;3454
1385863;2020-02-06;3453
8018275;2020-02-06;3451
7017286;2020-02-06;3451
4390305;2020-02-06;3455
9286100;2020-02-06;3455
9710303;2020-02-06;3452
9002520;2020-02-06;3453
4080257;2020-02-06;3451
3230267;2020-02-06;3454
1811344;2020-02-06;3455
1065293;2020-02-06;3453
5177386;2020-02-06;3453
9501677;2020-02-06;3451
3821648;2020-02-06;3454
9961590;2020-02-06;3452
1145382;2020-02-06;3452
1508998;2020-02-06;3452
2145682;2020-02-06;3455
9164223;2020-02-06;3454
8014471;2020-02-06;3452
2102914;2020-02-06;3455
1817826;2020-02-06;3452
9268941;2020-02-06;3454
8705051;2020-02-06;3455
2072408;2020-02-06;3453
4151478;2020-02-06;3451
1740727;2020-02-06;3452
8502443;2020-02-06;3453
5063904;2020-02-06;3451
3653117;2020-02-06;3452
4928034;2020-02-06;3454
2029678;2020-02-06;3455
6002806;2020-02-06;3452
2014157;2020-02-06;3455
3024867;2020-02-06;3454
7581838;2020-02-06;3455
8593375;2020-02-06;3454
1387953;2020-02-06;3451
8906753;2020-02-06;3451
5002384;2020-02-06;3455
7720080;2020-02-06;3455
3690090;2020-02-06;3453
2887652;2020-02-06;3451
2688147;2020-02-06;3453
7682143;2020-02-06;3455
3089914;2020-02-06;3454
1854076;2020-02-06;3453
4531275;2020-02-06;3455
7712621;2020-02-06;3455
3555214;2020-02-06;3453
4594017;2020-02-06;3453
1958191;2020-02-07;3453
4326075;2020-02-07;3451
3596593;2020-02-07;3453
3816918;2020-02-07;3454
9979453;2020-02-07;3451
2675556;2020-02-07;3454
1983951;2020-02-07;3454
1765153;2020-02-07;3451
3663965;2020-02-07;3451
2992923;2020-02-07;3453
7505819;2020-02-07;3451
9656826;2020-02-07;3453
5718288;2020-02-07;3454
2342479;2020-02-07;3455
8285350;2020-02-07;3455
7551405;2020-02-07;3454
7560207;2020-02-07;3451
1022780;2020-02-07;3454
8244229;2020-02-07;3453
6275063;2020-02-07;3453
5956669;2020-02-07;3453
1988112;2020-02-07;3455
5090907;2020-02-07;3454
4536898;2020-02-07;3454
7852256;2020-02-07;3452
3108674;2020-02-07;3452
1559301;2020-02-07;3451
9881165;2020-02-07;3451
2027281;2020-02-07;3452
5997837;2020-02-07;3452
3578089;2020-02-07;3453
4230528;2020-02-07;3454
4809072;2020-02-07;3453
3597590;2020-02-07;3452
8726025;2020-02-07;3453
5528147;2020-02-07;3454
1352018;2020-02-07;3455
7804094;2020-02-07;3453
7982502;2020-02-07;3452
7193731;2020-02-07;3452
2625458;2020-02-07;3453
3923605;2020-02-07;3455
8085683;2020-02-07;3451
8017564;2020-02-07;3451
3927448;2020-02-07;3451
6081418;2020-02-07;3453
2274816;2020-02-07;3451
3309942;2020-02-07;3452
1326292;2020-02-07;3452
5438895;2020-02-07;3454
8427327;2020-02-07;3455
5948865;2020-02-07;3451
6578093;2020-02-07;3454
3008536;2020-02-07;3452
9165314;2020-02-07;3454
8838765;2020-02-07;3454
1854700;2020-02-07;3454
1442205;2020-02-07;3454
9195645;2020-02-07;3455
3427257;2020-02-07;3454
2339044;2020-02-07;3451
4329095;2020-02-07;3453
1786028;2020-02-07;3455
4848777;2020-02-07;3452
6267183;2020-02-07;3455
3539621;2020-02-07;3453
5989657;2020-02-07;3453
4343110;2020-02-07;3452
6926823;2020-02-07;3453
4545200;2020-02-07;3451
6626304;2020-02-07;3455
2768197;2020-02-07;3453
9268247;2020-02-07;3455
7296725;2020-02-07;3453
9477610;2020-02-07;3453
9894424;2020-02-07;3453
5243840;2020-02-07;3453
6809487;2020-02-07;3455
6699128;2020-02-07;3453
6224361;2020-02-07;3451
4373229;2020-02-07;3452
7054940;2020-02-07;3454
2360869;2020-02-07;3454
6909817;2020-02-07;3452
3293828;2020-02-07;3455
9050154;2020-02-07;3452
9009324;2020-02-07;3452
2694868;2020-02-07;3454
3563491;2020-02-07;3451
6794270;2020-02-07;3452
5942879;2020-02-07;3453
4283263;2020-02-07;3452
6041590;2020-02-07;3451
2704058;2020-02-07;3452
2717488;2020-02-07;3453
3076766;2020-02-07;3455
3583641;2020-02-07;3452
3844803;2020-02-07;3453
9472917;2020-02-07;3454
8553943;2020-02-07;3454
6342975;2020-02-07;3451
6018509;2020-02-07;3454
1572792;2020-02-07;3451
7958344;2020-02-07;3451
1959334;2020-02-07;3451
3212447;2020-02-07;3453
4978246;2020-02-07;3452
2514889;2020-02-07;3455
7848148;2020-02-07;3454
5069137;2020-02-07;3451
8488148;2020-02-07;3455
4999850;2020-02-07;3452
3199771;2020-02-07;3453
7721435;2020-02-07;3452
8989717;2020-02-07;3452
5146193;2020-02-07;3451
8910133;2020-02-07;3451
6121074;2020-02-07;3454
9629212;2020-02-07;3451
3206682;2020-02-07;3453
8229413;2020-02-07;3453
7942850;2020-02-07;3452
3361512;2020-02-07;3455
6828376;2020-02-07;3452
5709665;2020-02-07;3454
5486528;2020-02-07;3453
6125999;2020-02-07;3454
8128127;2020-02-07;3452
4028089;2020-02-07;3452
6615635;2020-02-07;3451
3154830;2020-02-07;3454
8223104;2020-02-07;3454
8338432;2020-02-07;3454
5432295;2020-02-07;3452
6864509;2020-02-07;3452
4779877;2020-02-07;3453
3201898;2020-02-07;3455
2274437;2020-02-07;3452
7103654;2020-02-07;3452
8209639;2020-02-07;3454
7428644;2020-02-07;3455
3838758;2020-02-07;3454
1432023;2020-02-07;3455
1139098;2020-02-07;3453
7118367;2020-02-07;3454
9865531;2020-02-07;3454
2437498;2020-02-07;3455
3687496;2020-02-07;3455
6082352;2020-02-07;3453
7153788;2020-02-07;3453
1579995;2020-02-07;3453
6420926;2020-02-07;3455
8030042;2020-02-07;3453
2402392;2020-02-07;3452
8047792;2020-02-07;3451
5827848;2020-02-07;3453
4181913;2020-02-07;3455
2925348;2020-02-07;3455
7390122;2020-02-07;3452
5316101;2020-02-07;3453
3086479;2020-02-07;3451
9655136;2020-02-07;3453
7232107;2020-02-07;3454
2878302;2020-02-07;3454
7687682;2020-02-07;3454
2336292;2020-02-07;3455
4570850;2020-02-07;3453
4814535;2020-02-07;3455
9868142;2020-02-07;3455
5021778;2020-02-07;3453
1816110;2020-02-07;3451
6777578;2020-02-07;3451
8521610;2020-02-07;3453
6767279;2020-02-07;3453
1814775;2020-02-07;3455
9961583;2020-02-07;3455
8195293;2020-02-07;3454
2676068;2020-02-07;3455
7080449;2020-02-07;3453
4754250;2020-02-07;3453
6338568;2020-02-07;3455
6048503;2020-02-07;3454
2790748;2020-02-07;3452
9442384;2020-02-07;3451
2501337;2020-02-07;3451
6332044;2020-02-07;3455
9367175;2020-02-07;3452
3369828;2020-02-07;3452
6281123;2020-02-07;3452
1111427;2020-02-07;3451
5196717;2020-02-07;3454
7831512;2020-02-07;3453
8272865;2020-02-07;3454
9747273;2020-02-07;3454
3438363;2020-02-07;3452
4335146;2020-02-07;3452
4896688;2020-02-07;3455
8971972;2020-02-07;3455
1190967;2020-02-07;3451
5399588;2020-02-07;3455
1438995;2020-02-07;3452
3807599;2020-02-07;3452
8549017;2020-02-07;3451
8461482;2020-02-07;3454
4595767;2020-02-07;3455
2358070;2020-02-07;3451
4189500;2020-02-07;3455
8029772;2020-02-07;3455
3558670;2020-02-07;3451
9906561;2020-02-07;3453
1123781;2020-02-07;3451
9758900;2020-02-07;3451
5797399;2020-02-07;3454
7632979;2020-02-07;3455
4505337;2020-02-07;3454
7781358;2020-02-07;3453
5461197;2020-02-07;3451
7965936;2020-02-07;3452
7229738;2020-02-07;3451
6605594;2020-02-07;3454
9217724;2020-02-07;3455
6038617;2020-02-07;3453
1169340;2020-02-07;3452
7090215;2020-02-07;3451
3676133;2020-02-07;3455
4727262;2020-02-07;3452
4027493;2020-02-07;3454
8849794;2020-02-07;3455
1299496;2020-02-07;3454
6567343;2020-02-07;3455
6898083;2020-02-07;3452
3856198;2020-02-07;3451
4811989;2020-02-07;3453
1663029;2020-02-07;3451
5968472;2020-02-07;3451
8913710;2020-02-07;3455
4951900;2020-02-07;3454
5050793;2020-02-07;3454
9747284;2020-02-07;3452
5682475;2020-02-07;3453
6296882;2020-02-07;3454
3316486;2020-02-07;3451
6960690;2020-02-07;3455
8462589;2020-02-07;3455
6225293;2020-02-07;3452
3039958;2020-02-07;3452
8645413;2020-02-07;3451
3981672;2020-02-07;3454
7721756;2020-02-07;3452
9515715;2020-02-07;3454
5950481;2020-02-07;3455
6828374;2020-02-07;3455
6191006;2020-02-07;3454
8619306;2020-02-07;3451
6209552;2020-02-07;3454
8022488;2020-02-07;3455
2938028;2020-02-07;3454
8786377;2020-02-07;3453
3611016;2020-02-07;3451
2105943;2020-02-07;3452
8328458;2020-02-07;3454
5017511;2020-02-07;3451
4546114;2020-02-07;3453
1058378;2020-02-07;3452
5052235;2020-02-07;3451
3634830;2020-02-07;3451
9347692;2020-02-07;3454
9266783;2020-02-07;3454
4324813;2020-02-07;3452
4067475;2020-02-07;3455
3720287;2020-02-07;3455
3606281;2020-02-07;3453
4653612;2020-02-07;3451
4485786;2020-02-07;3455
9944958;2020-02-07;3455
4401807;2020-02-07;3454
9767148;2020-02-07;3451
8975391;2020-02-07;3451
8668118;2020-02-07;3454
6253616;2020-02-07;3451
8144071;2020-02-07;3454
1653693;2020-02-07;3455
4880257;2020-02-07;3454
9955199;2020-02-07;3455
4006731;2020-02-07;3455
7591023;2020-02-07;3454
5942866;2020-02-07;3454
5814147;2020-02-07;3451
5492915;2020-02-07;3455
7583442;2020-02-07;3455
2808691;2020-02-07;3455
2785277;2020-02-07;3454
2302530;2020-02-07;3455
2260986;2020-02-07;3451
9207031;2020-02-07;3452
2675529;2020-02-07;3454
9505947;2020-02-07;3452
2429239;2020-02-07;3453
1311882;2020-02-07;3454
9702730;2020-02-07;3453
3316858;2020-02-07;3453
7381029;2020-02-07;3452
9066421;2020-02-07;3453
7396453;2020-02-07;3454
6495630;2020-02-07;3452
6533838;2020-02-07;3453
6617966;2020-02-07;3455
5913755;2020-02-07;3453
6705558;2020-02-07;3453
7556753;2020-02-07;3453
1385990;2020-02-07;3453
1434121;2020-02-07;3455
3321900;2020-02-07;3454
2570570;2020-02-07;3455
4429464;2020-02-07;3452
3535747;2020-02-07;3454
3583162;2020-02-07;3451
8247634;2020-02-07;3453
3976577;2020-02-07;3452
3312474;2020-02-07;3453
5691741;2020-02-07;3455
3084942;2020-02-07;3453
1393435;2020-02-07;3452
3583472;2020-02-07;3451
5773653;2020-02-07;3455
5762600;2020-02-07;3452
2880668;2020-02-07;3453
7105356;2020-02-07;3451
2408206;2020-02-07;3452
5774486;2020-02-07;3454
1471363;2020-02-07;3453
5349561;2020-02-07;3453
6451875;2020-02-07;3453
3011824;2020-02-07;3452
6592379;2020-02-07;3454
1444671;2020-02-07;3454
4544461;2020-02-07;3451
2647114;2020-02-07;3452
6032227;2020-02-07;3454
4037110;2020-02-07;3454
1636034;2020-02-07;3451
5470845;2020-02-07;3454
4562048;2020-02-07;3451
8664072;2020-02-07;3455
5154349;2020-02-07;3451
9329950;2020-02-07;3453
8062545;2020-02-07;3453
6941293;2020-02-07;3455
3146997;2020-02-07;3451
7692036;2020-02-07;3451
1850452;2020-02-07;3451
9987470;2020-02-07;3455
6110343;2020-02-07;3452
6276792;2020-02-07;3451
5150486;2020-02-07;3451
1956482;2020-02-07;3453
1129718;2020-02-07;3455
8784882;2020-02-07;3451
1105362;2020-02-07;3452
1076281;2020-02-07;3451
1326835;2020-02-07;3453
5569676;2020-02-07;3454
9747700;2020-02-07;3454
2318616;2020-02-07;3452
4226301;2020-02-07;3453
2123175;2020-02-07;3452
7643669;2020-02-07;3451
2906372;2020-02-07;3451
2500199;2020-02-07;3451
6361490;2020-02-07;3451
3309793;2020-02-07;3451
5964816;2020-02-07;3451
8389879;2020-02-07;3451
9516043;2020-02-07;3453
6547170;2020-02-07;3455
5460714;2020-02-07;3452
2030490;2020-02-07;3451
8756264;2020-02-07;3452
9051891;2020-02-07;3452
2403857;2020-02-07;3455
5255143;2020-02-07;3454
2327273;2020-02-07;3451
1314303;2020-02-07;3452
9485342;2020-02-07;3451
1087968;2020-02-07;3454
3413756;2020-02-07;3454
7301830;2020-02-07;3454
6963960;2020-02-07;3452
9885989;2020-02-07;3454
6980042;2020-02-07;3454
2627649;2020-02-07;3455
1131849;2020-02-07;3455
8943572;2020-02-07;3451
6658311;2020-02-07;3453
1158338;2020-02-07;3453
9120977;2020-02-07;3452
4739536;2020-02-07;3452
2123187;2020-02-07;3452
8401688;2020-02-07;3451
4871991;2020-02-07;3455
1769881;2020-02-07;3455
1009835;2020-02-07;3452
7289149;2020-02-07;3455
3443570;2020-02-07;3453
1035851;2020-02-07;3454
7517126;2020-02-07;3453
7676038;2020-02-07;3452
8948159;2020-02-07;3453
5980815;2020-02-07;3453
5032815;2020-02-07;3455
8938119;2020-02-07;3455
4488317;2020-02-07;3455
4534388;2020-02-07;3453
9792890;2020-02-07;3451
6272751;2020-02-07;3451
1651897;2020-02-07;3452
1979704;2020-02-07;3452
7408486;2020-02-07;3455
7504760;2020-02-07;3452
1297704;2020-02-07;3455
8265130;2020-02-07;3452
4066078;2020-02-07;3453
8666519;2020-02-07;3451
1676330;2020-02-07;3454
9728208;2020-02-07;3455
4860607;2020-02-07;3451
4267260;2020-02-07;3454
3646391;2020-02-07;3455
8027914;2020-02-07;3455
8312615;2020-02-07;3455
2601791;2020-02-07;3452
5071533;2020-02-07;3455
3927538;2020-02-07;3454
9595300;2020-02-07;3452
8001187;2020-02-07;3453
8996477;2020-02-07;3451
6647608;2020-02-07;3452
4129196;2020-02-07;3451
5658843;2020-02-07;3452
7322449;2020-02-07;3455
2096562;2020-02-07;3455
9235640;2020-02-07;3455
4441100;2020-02-07;3453
4744730;2020-02-07;3451
6345193;2020-02-07;3451
2202007;2020-02-07;3454
9571516;2020-02-07;3455
1784667;2020-02-07;3453
1763390;2020-02-07;3453
6672416;2020-02-07;3453
5867130;2020-02-07;3451
8952620;2020-02-07;3453
8693008;2020-02-07;3451
7682262;2020-02-07;3453
2851445;2020-02-07;3454
3320839;2020-02-07;3452
6132105;2020-02-07;3453
3858176;2020-02-07;3452
8320726;2020-02-07;3455
9536003;2020-02-07;3454
2877454;2020-02-07;3454
5155973;2020-02-07;3455
8053028;2020-02-07;3452
2574557;2020-02-07;3451
5615467;2020-02-07;3451
6054462;2020-02-07;3452
7104791;2020-02-07;3452
4911895;2020-02-07;3454
6139689;2020-02-07;3451
2921156;2020-02-07;3455
4969956;2020-02-07;3451
6612870;2020-02-07;3453
5133844;2020-02-07;3453
9243465;2020-02-07;3454
7888775;2020-02-07;3454
8922867;2020-02-07;3455
8135521;2020-02-07;3453
2961061;2020-02-07;3453
2329139;2020-02-07;3454
1035546;2020-02-07;3452
4793923;2020-02-07;3455
7079415;2020-02-07;3452
5669275;2020-02-07;3454
3346057;2020-02-07;3452
5862465;2020-02-07;3452
7457922;2020-02-07;3455
8604291;2020-02-07;3452
3139631;2020-02-07;3452
3293334;2020-02-07;3455
7503771;2020-02-07;3452
7719147;2020-02-07;3451
6597426;2020-02-07;3451
5792419;2020-02-07;3452
7063179;2020-02-07;3455
5761956;2020-02-07;3452
1574389;2020-02-07;3451
2725094;2020-02-07;3451
3781011;2020-02-07;3451
8642312;2020-02-07;3452
2285350;2020-02-07;3453
7840714;2020-02-07;3452
4522779;2020-02-07;3453
9722778;2020-02-07;3452
3292050;2020-02-07;3454
6817391;2020-02-07;3452
7793593;2020-02-07;3455
1147972;2020-02-07;3452
1704467;2020-02-07;3453
9984942;2020-02-07;3452
2225049;2020-02-07;3452
6502702;2020-02-07;3455
4631172;2020-02-07;3451
3384521;2020-02-07;3451
9437507;2020-02-07;3451
4980288;2020-02-07;3453
4425521;2020-02-07;3455
6917662;2020-02-07;3453
8146745;2020-02-07;3453
3899945;2020-02-07;3454
7610051;2020-02-07;3455
2953961;2020-02-07;3451
9878307;2020-02-07;3454
1685608;2020-02-07;3452
6074641;2020-02-07;3453
3179794;2020-02-07;3451
1916420;2020-02-07;3454
5961524;2020-02-07;3455
7851875;2020-02-07;3453
3561401;2020-02-07;3453
5391560;2020-02-07;3453
7405614;2020-02-07;3453
3367426;2020-02-07;3452
7775979;2020-02-07;3452
4181329;2020-02-07;3452
1406107;2020-02-07;3453
7763321;2020-02-07;3451
5934019;2020-02-07;3455
3604604;2020-02-07;3454
3914171;2020-02-07;3452
2688410;2020-02-07;3455
1943876;2020-02-07;3453
1199092;2020-02-07;3454
4713362;2020-02-07;3453
4547953;2020-02-07;3453
1368085;2020-02-07;3455
3939231;2020-02-07;3455
7503885;2020-02-07;3451
6799106;2020-02-07;3454
8650103;2020-02-07;3451
6470217;2020-02-07;3454
1836227;2020-02-07;3454
7708538;2020-02-07;3453
9240254;2020-02-07;3451
9712931;2020-02-07;3455
4886168;2020-02-07;3455
3851429;2020-02-07;3454
1271544;2020-02-07;3452
7121364;2020-02-07;3452
8588336;2020-02-07;3455
2990645;2020-02-07;3455
3189778;2020-02-07;3452
4821247;2020-02-07;3455
1039344;2020-02-07;3452
4512399;2020-02-07;3455
8623818;2020-02-07;3452
1912450;2020-02-07;3454
7450608;2020-02-07;3455
6786318;2020-02-07;3452
7505775;2020-02-07;3453
8120421;2020-02-07;3452
5426656;2020-02-07;3451
9735400;2020-02-07;3452
9826358;2020-02-07;3454
2903699;2020-02-07;3453
2470353;2020-02-07;3453
1071431;2020-02-07;3453
8370737;2020-02-07;3454
3167041;2020-02-07;3455
4694588;2020-02-07;3454
5800580;2020-02-07;3455
6950280;2020-02-07;3451
1082086;2020-02-07;3454
3382253;2020-02-07;3452
9720420;2020-02-07;3451
9595902;2020-02-07;3454
6746775;2020-02-07;3451
9438250;2020-02-07;3451
4013886;2020-02-07;3451
6448137;2020-02-07;3451
6567163;2020-02-07;3452
8529985;2020-02-07;3454
3303143;2020-02-07;3451
1287984;2020-02-07;3451
4686233;2020-02-07;3453
8474664;2020-02-07;3453
3253195;2020-02-07;3451
2598317;2020-02-07;3451
9998943;2020-02-07;3453
3253282;2020-02-07;3455
3889703;2020-02-07;3452
4278551;2020-02-07;3455
7160855;2020-02-07;3452
5509391;2020-02-07;3452
8153077;2020-02-07;3455
4565351;2020-02-07;3455
3745391;2020-02-07;3451
3740790;2020-02-07;3454
6941170;2020-02-07;3451
9582962;2020-02-07;3452
2286589;2020-02-07;3455
8711545;2020-02-07;3454
2002260;2020-02-07;3453
2825762;2020-02-07;3454
8407360;2020-02-07;3455
7976320;2020-02-07;3453
5142920;2020-02-07;3453
5248731;2020-02-07;3452
2766353;2020-02-07;3453
5768156;2020-02-07;3451
2469443;2020-02-07;3453
7328207;2020-02-07;3454
5168692;2020-02-07;3451
8867581;2020-02-07;3451
1060792;2020-02-07;3451
2846536;2020-02-07;3452
6681191;2020-02-07;3451
1054267;2020-02-07;3453
8970017;2020-02-07;3452
9712236;2020-02-07;3452
2592299;2020-02-07;3454
5874388;2020-02-07;3455
9167932;2020-02-07;3453
7385701;2020-02-07;3454
5710461;2020-02-07;3451
5502040;2020-02-07;3453
7475700;2020-02-07;3452
3506488;2020-02-07;3454
3870741;2020-02-07;3452
4018386;2020-02-07;3451
2352324;2020-02-07;3453
2408461;2020-02-07;3454
2438007;2020-02-07;3454
6707183;2020-02-07;3455
6779986;2020-02-07;3454
2018747;2020-02-07;3454
7551579;2020-02-07;3452
9920084;2020-02-07;3454
7351152;2020-02-07;3455
5961372;2020-02-07;3455
7120768;2020-02-07;3453
2791190;2020-02-07;3451
7959224;2020-02-07;3455
3922806;2020-02-07;3454
7825101;2020-02-07;3453
1925416;2020-02-07;3455
8230007;2020-02-07;3454
2070020;2020-02-07;3453
8034302;2020-02-07;3451
8775778;2020-02-07;3453
5394457;2020-02-07;3454
6747919;2020-02-07;3452
7390820;2020-02-07;3455
1666175;2020-02-07;3452
2754431;2020-02-07;3452
9015649;2020-02-07;3451
8649800;2020-02-07;3455
4511186;2020-02-07;3453
4384292;2020-02-07;3453
5439977;2020-02-07;3451
8821289;2020-02-07;3455
3835683;2020-02-07;3454
1764518;2020-02-07;3451
5290475;2020-02-07;3451
8401201;2020-02-07;3453
5808025;2020-02-07;3455
8024309;2020-02-07;3453
3817761;2020-02-07;3455
7035885;2020-02-07;3451
6654912;2020-02-07;3454
5091446;2020-02-07;3452
3732241;2020-02-07;3452
3008788;2020-02-07;3454
6110836;2020-02-07;3452
9621843;2020-02-07;3455
1976351;2020-02-07;3455
9558133;2020-02-07;3455
9481047;2020-02-07;3451
8387918;2020-02-07;3454
9341265;2020-02-07;3452
7868572;2020-02-07;3452
4182386;2020-02-07;3454
5603964;2020-02-07;3452
7743081;2020-02-07;3451
5276461;2020-02-07;3451
9756232;2020-02-07;3452
9536022;2020-02-07;3454
4199048;2020-02-07;3454
8531738;2020-02-07;3452
7536938;2020-02-07;3452
9374364;2020-02-07;3455
4336021;2020-02-07;3452
3534702;2020-02-07;3454
5625967;2020-02-07;3451
1190680;2020-02-07;3454
8321631;2020-02-07;3454
4433342;2020-02-07;3453
7923355;2020-02-07;3454
7202681;2020-02-07;3455
8337626;2020-02-07;3453
7732384;2020-02-07;3451
3248835;2020-02-07;3453
1136731;2020-02-07;3455
2493593;2020-02-07;3454
5384945;2020-02-07;3451
4231608;2020-02-07;3452
4848911;2020-02-07;3453
4838742;2020-02-07;3453
2910674;2020-02-07;3451
8540761;2020-02-07;3452
3156061;2020-02-07;3455
8729068;2020-02-07;3455
1762434;2020-02-07;3451
2113448;2020-02-07;3452
4445120;2020-02-07;3454
5562690;2020-02-07;3451
8282729;2020-02-07;3451
6920563;2020-02-07;3454
5848875;2020-02-07;3453
4380573;2020-02-07;3452
9924962;2020-02-07;3453
6072879;2020-02-07;3451
2036895;2020-02-07;3451
9477553;2020-02-07;3454
6996248;2020-02-07;3454
8818732;2020-02-07;3453
1480181;2020-02-07;3454
5293519;2020-02-07;3452
8583086;2020-02-07;3452
8852269;2020-02-07;3451
6396879;2020-02-07;3455
3658377;2020-02-07;3452
8830911;2020-02-07;3453
3727144;2020-02-07;3451
3278865;2020-02-07;3453
1632663;2020-02-07;3451
6435421;2020-02-07;3453
8936267;2020-02-07;3451
7131797;2020-02-07;3454
8974693;2020-02-07;3455
2302220;2020-02-07;3455
3975743;2020-02-07;3454
5566431;2020-02-07;3454
4925248;2020-02-07;3454
1765001;2020-02-07;3455
9646766;2020-02-07;3452
9242171;2020-02-07;3453
7463797;2020-02-07;3454
7811306;2020-02-07;3453
3476945;2020-02-07;3455
6747472;2020-02-07;3452
8936129;2020-02-07;3453
4041517;2020-02-07;3453
8774014;2020-02-07;3452
4574417;2020-02-07;3452
1315134;2020-02-07;3453
8291842;2020-02-07;3455
2168410;2020-02-07;3455
9918237;2020-02-07;3455
2271592;2020-02-07;3452
2043140;2020-02-07;3455
2813075;2020-02-07;3451
4102075;2020-02-07;3453
8943260;2020-02-07;3451
7556843;2020-02-07;3454
6859738;2020-02-07;3452
3299648;2020-02-07;3453
4407535;2020-02-07;3453
6588098;2020-02-07;3453
3351823;2020-02-07;3452
5505567;2020-02-07;3452
3159908;2020-02-07;3453
7817637;2020-02-07;3452
9862707;2020-02-07;3455
