-- MySQL dump 10.13  Distrib 8.0.34, for Win64 (x86_64)
--
-- Host: 127.0.0.1    Database: retail
-- ------------------------------------------------------
-- Server version	8.0.34

/*!40101 SET @OLD_CHARACTER_SET_CLIENT=@@CHARACTER_SET_CLIENT */;
/*!40101 SET @OLD_CHARACTER_SET_RESULTS=@@CHARACTER_SET_RESULTS */;
/*!40101 SET @OLD_COLLATION_CONNECTION=@@COLLATION_CONNECTION */;
/*!50503 SET NAMES utf8 */;
/*!40103 SET @OLD_TIME_ZONE=@@TIME_ZONE */;
/*!40103 SET TIME_ZONE='+00:00' */;
/*!40014 SET @OLD_UNIQUE_CHECKS=@@UNIQUE_CHECKS, UNIQUE_CHECKS=0 */;
/*!40014 SET @OLD_FOREIGN_KEY_CHECKS=@@FOREIGN_KEY_CHECKS, FOREIGN_KEY_CHECKS=0 */;
/*!40101 SET @OLD_SQL_MODE=@@SQL_MODE, SQL_MODE='NO_AUTO_VALUE_ON_ZERO' */;
/*!40111 SET @OLD_SQL_NOTES=@@SQL_NOTES, SQL_NOTES=0 */;

--
-- Table structure for table `магазины`
--

DROP TABLE IF EXISTS `магазины`;
/*!40101 SET @saved_cs_client     = @@character_set_client */;
/*!50503 SET character_set_client = utf8mb4 */;
CREATE TABLE `магазины` (
  `Магазин` varchar(5) NOT NULL,
  `Район` varchar(50) DEFAULT NULL,
  `Площадь торгового помещения, кв.м.` int DEFAULT NULL,
  PRIMARY KEY (`Магазин`),
  KEY `FK_Население_idx` (`Район`),
  CONSTRAINT `FK_Население` FOREIGN KEY (`Район`) REFERENCES `население` (`Район`)
) ENGINE=InnoDB DEFAULT CHARSET=utf8mb4 COLLATE=utf8mb4_0900_ai_ci;
/*!40101 SET character_set_client = @saved_cs_client */;

--
-- Dumping data for table `магазины`
--

LOCK TABLES `магазины` WRITE;
/*!40000 ALTER TABLE `магазины` DISABLE KEYS */;
INSERT INTO `магазины` VALUES ('А1400','Арбат',210),('А1714','Арбат',120),('Б138','Бабушкинский',243),('Б1911','Бабушкинский',275),('Б766','Бабушкинский',108),('Б941','Бабушкинский',117),('М1394','Митино',100),('М1432','Митино',267),('М1558','Митино',272),('М669','Митино',249),('Н1567','Некрасовка',214),('Н1845','Некрасовка',146),('Н908','Некрасовка',181),('О1094','Останкинский',107),('О2097','Останкинский',100),('О228','Останкинский',236),('О370','Останкинский',205),('Ч100','Чертаново',210),('Ч1415','Чертаново',159),('Ч1922','Чертаново',310),('Ч356','Чертаново',250),('Щ1118','Щукино',126);
/*!40000 ALTER TABLE `магазины` ENABLE KEYS */;
UNLOCK TABLES;

--
-- Table structure for table `население`
--

DROP TABLE IF EXISTS `население`;
/*!40101 SET @saved_cs_client     = @@character_set_client */;
/*!50503 SET character_set_client = utf8mb4 */;
CREATE TABLE `население` (
  `Район` varchar(50) NOT NULL,
  `Население` int DEFAULT NULL,
  PRIMARY KEY (`Район`)
) ENGINE=InnoDB DEFAULT CHARSET=utf8mb4 COLLATE=utf8mb4_0900_ai_ci;
/*!40101 SET character_set_client = @saved_cs_client */;

--
-- Dumping data for table `население`
--

LOCK TABLES `население` WRITE;
/*!40000 ALTER TABLE `население` DISABLE KEYS */;
INSERT INTO `население` VALUES ('Арбат',31286),('Бабушкинский',88607),('Митино',195013),('Некрасовка',35933),('Останкинский',63611),('Чертаново',382862),('Щукино',108624);
/*!40000 ALTER TABLE `население` ENABLE KEYS */;
UNLOCK TABLES;

--
-- Table structure for table `продажи`
--

DROP TABLE IF EXISTS `продажи`;
/*!40101 SET @saved_cs_client     = @@character_set_client */;
/*!50503 SET character_set_client = utf8mb4 */;
CREATE TABLE `продажи` (
  `Балансовый номер` varchar(50) DEFAULT NULL,
  `Магазин` varchar(5) DEFAULT NULL,
  `Мес` date DEFAULT NULL,
  `Оборот` int DEFAULT NULL,
  KEY `FK_магазины_idx` (`Магазин`),
  CONSTRAINT `FK_магазины` FOREIGN KEY (`Магазин`) REFERENCES `магазины` (`Магазин`)
) ENGINE=InnoDB DEFAULT CHARSET=utf8mb4 COLLATE=utf8mb4_0900_ai_ci;
/*!40101 SET character_set_client = @saved_cs_client */;

--
-- Dumping data for table `продажи`
--

LOCK TABLES `продажи` WRITE;
/*!40000 ALTER TABLE `продажи` DISABLE KEYS */;
INSERT INTO `продажи` VALUES ('А140041670','А1400','2014-01-31',58965557),('А140041698','А1400','2014-02-28',62963815),('А140041729','А1400','2014-03-31',61438012),('А140041759','А1400','2014-04-30',58176744),('А140041790','А1400','2014-05-31',60639084),('А140041820','А1400','2014-06-30',61769077),('А140041851','А1400','2014-07-31',55274269),('А140041882','А1400','2014-08-31',57866306),('А140041912','А1400','2014-09-30',61448358),('А140041943','А1400','2014-10-31',55365758),('А140041973','А1400','2014-11-30',62206765),('А140042004','А1400','2014-12-31',63382372),('А171441670','А1714','2014-01-31',25000297),('А171441698','А1714','2014-02-28',25053402),('А171441729','А1714','2014-03-31',25323492),('А171441759','А1714','2014-04-30',21230714),('А171441790','А1714','2014-05-31',20321663),('А171441820','А1714','2014-06-30',22310108),('А171441851','А1714','2014-07-31',22323781),('А171441882','А1714','2014-08-31',26265910),('А171441912','А1714','2014-09-30',25644943),('А171441943','А1714','2014-10-31',24008614),('А171441973','А1714','2014-11-30',26547281),('А171442004','А1714','2014-12-31',21110478),('А171442247','А1714','2015-08-31',10506364),('Б76641670','Б766','2014-01-31',8346577),('Б76641698','Б766','2014-02-28',8698077),('Б76641729','Б766','2014-03-31',8765062),('Б76641759','Б766','2014-04-30',7820970),('Б76641790','Б766','2014-05-31',8694950),('Б76641820','Б766','2014-06-30',7756449),('Б76641851','Б766','2014-07-31',7856975),('Б76641882','Б766','2014-08-31',7560291),('Б76641912','Б766','2014-09-30',8678435),('Б76641943','Б766','2014-10-31',8081680),('Б76641973','Б766','2014-11-30',8237130),('Б76642004','Б766','2014-12-31',8556402),('Б76642035','Б766','2015-01-31',7423396),('Б76642063','Б766','2015-02-28',8361384),('Б76642094','Б766','2015-03-31',8050621),('Б76642124','Б766','2015-04-30',8716431),('Б76642155','Б766','2015-05-31',8060133),('Б76642185','Б766','2015-06-30',8906049),('Б76642216','Б766','2015-07-31',7670434),('Б76642247','Б766','2015-08-31',7470117),('Б76642277','Б766','2015-09-30',8674278),('Б76642308','Б766','2015-10-31',7512402),('Б76642338','Б766','2015-11-30',8310263),('Б76642369','Б766','2015-12-31',8932971),('Б191141670','Б1911','2014-01-31',16458367),('Б191141698','Б1911','2014-02-28',14661674),('Б191141729','Б1911','2014-03-31',12490893),('Б191141759','Б1911','2014-04-30',16116351),('Б191141790','Б1911','2014-05-31',12054969),('Б191141820','Б1911','2014-06-30',18858404),('Б191141851','Б1911','2014-07-31',14994969),('Б191141882','Б1911','2014-08-31',12516203),('Б191141912','Б1911','2014-09-30',15827193),('Б191141943','Б1911','2014-10-31',15842808),('Б191141973','Б1911','2014-11-30',16315722),('Б191142004','Б1911','2014-12-31',18369726),('Б13841670','Б138','2014-01-31',14599324),('Б13841698','Б138','2014-02-28',15252439),('Б13841729','Б138','2014-03-31',15177080),('Б13841759','Б138','2014-04-30',14027681),('Б13841790','Б138','2014-05-31',14963598),('Б13841820','Б138','2014-06-30',19275176),('Б13841851','Б138','2014-07-31',20999887),('Б13841882','Б138','2014-08-31',15269506),('Б13841912','Б138','2014-09-30',15440864),('Б13841943','Б138','2014-10-31',18984232),('Б13841973','Б138','2014-11-30',16231957),('Б13842004','Б138','2014-12-31',19285815),('Б13842094','Б138','2015-03-31',19730204),('Б94141670','Б941','2014-01-31',5836797),('Б94141698','Б941','2014-02-28',6516557),('Б94141729','Б941','2014-03-31',5871617),('Б94141759','Б941','2014-04-30',5767666),('Б94141790','Б941','2014-05-31',6443446),('Б94141820','Б941','2014-06-30',6024247),('Б94141851','Б941','2014-07-31',5803325),('Б94141882','Б941','2014-08-31',6437286),('Б94141912','Б941','2014-09-30',5479106),('Б94141943','Б941','2014-10-31',6086567),('Б94141973','Б941','2014-11-30',5784579),('Б94142004','Б941','2014-12-31',5272492),('Б94142216','Б941','2015-07-31',7196123),('М155841670','М1558','2014-01-31',19465920),('М155841698','М1558','2014-02-28',12270440),('М155841729','М1558','2014-03-31',19046267),('М155841759','М1558','2014-04-30',15478410),('М155841790','М1558','2014-05-31',26625225),('М155841820','М1558','2014-06-30',25537147),('М155841851','М1558','2014-07-31',14947045),('М155841882','М1558','2014-08-31',16453157),('М155841912','М1558','2014-09-30',16616379),('М155841943','М1558','2014-10-31',25763370),('М155841973','М1558','2014-11-30',20819499),('М155842004','М1558','2014-12-31',12168782),('М155842035','М1558','2015-01-31',25969406),('М155842063','М1558','2015-02-28',24074408),('М155842094','М1558','2015-03-31',15272783),('М155842124','М1558','2015-04-30',18223106),('М155842155','М1558','2015-05-31',7303696),('М155842185','М1558','2015-06-30',11762400),('М155842216','М1558','2015-07-31',6717406),('М155842247','М1558','2015-08-31',9313906),('М155842277','М1558','2015-09-30',8434680),('М155842308','М1558','2015-10-31',11280205),('М155842338','М1558','2015-11-30',8647408),('М155842369','М1558','2015-12-31',6302270),('М139441670','М1394','2014-01-31',15730219),('М139441698','М1394','2014-02-28',14356046),('М139441729','М1394','2014-03-31',14631337),('М139441759','М1394','2014-04-30',15496393),('М139441790','М1394','2014-05-31',13360565),('М139441820','М1394','2014-06-30',13857720),('М139441851','М1394','2014-07-31',15521619),('М139441882','М1394','2014-08-31',15804414),('М139441912','М1394','2014-09-30',13116144),('М139441943','М1394','2014-10-31',14178261),('М139441973','М1394','2014-11-30',14901046),('М139442004','М1394','2014-12-31',14297903),('М139442035','М1394','2015-01-31',13474049),('М139442063','М1394','2015-02-28',15046811),('М139442094','М1394','2015-03-31',14873265),('М139442124','М1394','2015-04-30',14558262),('М139442155','М1394','2015-05-31',13862229),('М139442185','М1394','2015-06-30',6900492),('М139442216','М1394','2015-07-31',6736490),('М139442247','М1394','2015-08-31',5777934),('М139442277','М1394','2015-09-30',6590934),('М139442308','М1394','2015-10-31',5661866),('М139442338','М1394','2015-11-30',5245773),('М139442369','М1394','2015-12-31',5998070),('М66941670','М669','2014-01-31',9199576),('М66941698','М669','2014-02-28',11726646),('М66941729','М669','2014-03-31',10160150),('М66941759','М669','2014-04-30',8312298),('М66941790','М669','2014-05-31',8745183),('М66941820','М669','2014-06-30',9396519),('М66941851','М669','2014-07-31',10202149),('М66941882','М669','2014-08-31',9262649),('М66941912','М669','2014-09-30',11263216),('М66941943','М669','2014-10-31',9462863),('М66941973','М669','2014-11-30',12001905),('М66942004','М669','2014-12-31',11641409),('М66942035','М669','2015-01-31',8223254),('М66942063','М669','2015-02-28',11289324),('М66942094','М669','2015-03-31',11764142),('М143241670','М1432','2014-01-31',6317698),('М143241698','М1432','2014-02-28',3187955),('М143241729','М1432','2014-03-31',4074099),('М143241759','М1432','2014-04-30',8911896),('М143241790','М1432','2014-05-31',4866334),('М143241820','М1432','2014-06-30',8984597),('М143241851','М1432','2014-07-31',4652203),('М143241882','М1432','2014-08-31',6910975),('М143241912','М1432','2014-09-30',3112652),('М143241943','М1432','2014-10-31',8889296),('М143241973','М1432','2014-11-30',8001987),('М143242004','М1432','2014-12-31',6261332),('Н156741670','Н1567','2014-01-31',3886356),('Н156741698','Н1567','2014-02-28',4832986),('Н156741729','Н1567','2014-03-31',3572109),('Н156741759','Н1567','2014-04-30',5892418),('Н156741790','Н1567','2014-05-31',3601190),('Н156741820','Н1567','2014-06-30',3365725),('Н156741851','Н1567','2014-07-31',4931836),('Н156741882','Н1567','2014-08-31',3576174),('Н156741912','Н1567','2014-09-30',3157281),('Н156741943','Н1567','2014-10-31',4735029),('Н156741973','Н1567','2014-11-30',3553661),('Н156742004','Н1567','2014-12-31',4949577),('Н156742155','Н1567','2015-05-31',2520833),('Н184541670','Н1845','2014-01-31',6343997),('Н184541698','Н1845','2014-02-28',7531150),('Н184541729','Н1845','2014-03-31',6157995),('Н184541759','Н1845','2014-04-30',5573037),('Н184541790','Н1845','2014-05-31',6177935),('Н184541820','Н1845','2014-06-30',10936483),('Н184541851','Н1845','2014-07-31',6042615),('Н184541882','Н1845','2014-08-31',4872226),('Н184541912','Н1845','2014-09-30',6474861),('Н184541943','Н1845','2014-10-31',9391356),('Н184541973','Н1845','2014-11-30',8556337),('Н184542004','Н1845','2014-12-31',8411178),('Н184542035','Н1845','2015-01-31',10000876),('Н184542063','Н1845','2015-02-28',9438907),('Н184542094','Н1845','2015-03-31',11581035),('Н184542124','Н1845','2015-04-30',11417327),('Н184542155','Н1845','2015-05-31',9384854),('Н184542185','Н1845','2015-06-30',3536425),('Н184542216','Н1845','2015-07-31',2890631),('Н184542247','Н1845','2015-08-31',4592077),('Н184542277','Н1845','2015-09-30',5323109),('Н184542308','Н1845','2015-10-31',2504095),('Н184542338','Н1845','2015-11-30',11456093),('Н184542369','Н1845','2015-12-31',3726704),('Н90841670','Н908','2014-01-31',9867239),('Н90841698','Н908','2014-02-28',5218608),('Н90841729','Н908','2014-03-31',8700615),('Н90841759','Н908','2014-04-30',2463439),('Н90841790','Н908','2014-05-31',10279663),('Н90841820','Н908','2014-06-30',10178389),('Н90841851','Н908','2014-07-31',10410567),('Н90841882','Н908','2014-08-31',8464333),('Н90841912','Н908','2014-09-30',5022573),('Н90841943','Н908','2014-10-31',7963386),('Н90841973','Н908','2014-11-30',5130725),('Н90842004','Н908','2014-12-31',11957206),('Н90842035','Н908','2015-01-31',6714691),('Н90842063','Н908','2015-02-28',5066811),('Н90842094','Н908','2015-03-31',9739901),('Н90842124','Н908','2015-04-30',11918186),('Н90842155','Н908','2015-05-31',4123747),('Н90842185','Н908','2015-06-30',11354923),('Н90842216','Н908','2015-07-31',3979381),('Н90842247','Н908','2015-08-31',3802298),('Н90842277','Н908','2015-09-30',10594804),('Н90842308','Н908','2015-10-31',3810850),('Н90842338','Н908','2015-11-30',7597600),('Н90842369','Н908','2015-12-31',7281105),('О37041670','О370','2014-01-31',8568676),('О37041698','О370','2014-02-28',7246419),('О37041729','О370','2014-03-31',11589289),('О37041759','О370','2014-04-30',10345149),('О37041790','О370','2014-05-31',11730159),('О37041820','О370','2014-06-30',8080276),('О37041851','О370','2014-07-31',10871610),('О37041882','О370','2014-08-31',7783918),('О37041912','О370','2014-09-30',7197192),('О37041943','О370','2014-10-31',8008298),('О37041973','О370','2014-11-30',11549134),('О37042004','О370','2014-12-31',8383849),('О209741670','О2097','2014-01-31',10486864),('О209741698','О2097','2014-02-28',10845031),('О209741729','О2097','2014-03-31',13675622),('О209741759','О2097','2014-04-30',12031359),('О209741790','О2097','2014-05-31',11833248),('О209741820','О2097','2014-06-30',10212518),('О209741851','О2097','2014-07-31',13607658),('О209741882','О2097','2014-08-31',13219918),('О209741912','О2097','2014-09-30',12665067),('О209741943','О2097','2014-10-31',13458819),('О209741973','О2097','2014-11-30',13087846),('О209742004','О2097','2014-12-31',11967089),('О109441670','О1094','2014-01-31',4130030),('О109441698','О1094','2014-02-28',8146813),('О109441729','О1094','2014-03-31',7545024),('О109441759','О1094','2014-04-30',2504188),('О109441790','О1094','2014-05-31',4666663),('О109441820','О1094','2014-06-30',8429674),('О109441851','О1094','2014-07-31',2798842),('О109441882','О1094','2014-08-31',3911073),('О109441912','О1094','2014-09-30',6815343),('О109441943','О1094','2014-10-31',2674093),('О109441973','О1094','2014-11-30',8794873),('О109442004','О1094','2014-12-31',5202372),('О109442035','О1094','2015-01-31',8301555),('О109442063','О1094','2015-02-28',8664727),('О109442094','О1094','2015-03-31',8482769),('О109442124','О1094','2015-04-30',5732387),('О109442155','О1094','2015-05-31',4132913),('О109442185','О1094','2015-06-30',3593400),('О109442216','О1094','2015-07-31',6317619),('О109442247','О1094','2015-08-31',2935189),('О109442277','О1094','2015-09-30',6732874),('О109442308','О1094','2015-10-31',5097153),('О109442338','О1094','2015-11-30',4847309),('О109442369','О1094','2015-12-31',4980941),('О22841670','О228','2014-01-31',5996909),('О22841698','О228','2014-02-28',5863862),('О22841729','О228','2014-03-31',9064236),('О22841759','О228','2014-04-30',10354065),('О22841790','О228','2014-05-31',13904293),('О22841820','О228','2014-06-30',11446244),('О22841851','О228','2014-07-31',10702231),('О22841882','О228','2014-08-31',12357734),('О22841912','О228','2014-09-30',13369301),('О22841943','О228','2014-10-31',13630616),('О22841973','О228','2014-11-30',10586179),('О22842004','О228','2014-12-31',9455150),('О22842124','О228','2015-04-30',8283252),('О22842369','О228','2015-12-31',7564120),('Ч35641670','Ч356','2014-01-31',9628643),('Ч35641698','Ч356','2014-02-28',11255057),('Ч35641729','Ч356','2014-03-31',11583151),('Ч35641759','Ч356','2014-04-30',11392421),('Ч35641790','Ч356','2014-05-31',8847293),('Ч35641820','Ч356','2014-06-30',10331313),('Ч35641851','Ч356','2014-07-31',6950294),('Ч35641882','Ч356','2014-08-31',7968248),('Ч35641912','Ч356','2014-09-30',10047142),('Ч35641943','Ч356','2014-10-31',10294187),('Ч35641973','Ч356','2014-11-30',11290429),('Ч35642004','Ч356','2014-12-31',11043464),('Ч35642035','Ч356','2015-01-31',9926289),('Ч35642063','Ч356','2015-02-28',9740078),('Ч35642094','Ч356','2015-03-31',10457704),('Ч35642124','Ч356','2015-04-30',10754980),('Ч35642155','Ч356','2015-05-31',10766964),('Ч35642185','Ч356','2015-06-30',7521136),('Ч35642216','Ч356','2015-07-31',6583658),('Ч35642247','Ч356','2015-08-31',6417374),('Ч35642277','Ч356','2015-09-30',11875823),('Ч35642308','Ч356','2015-10-31',10449332),('Ч35642338','Ч356','2015-11-30',6582016),('Ч35642369','Ч356','2015-12-31',6040535),('Ч192241670','Ч1922','2014-01-31',11648312),('Ч192241698','Ч1922','2014-02-28',11306371),('Ч192241729','Ч1922','2014-03-31',11689011),('Ч192241759','Ч1922','2014-04-30',7571322),('Ч192241790','Ч1922','2014-05-31',9120951),('Ч192241820','Ч1922','2014-06-30',11908097),('Ч192241851','Ч1922','2014-07-31',9825279),('Ч192241882','Ч1922','2014-08-31',11259323),('Ч192241912','Ч1922','2014-09-30',8565427),('Ч192241943','Ч1922','2014-10-31',11425030),('Ч192241973','Ч1922','2014-11-30',8971073),('Ч192242004','Ч1922','2014-12-31',11152800),('Ч192242308','Ч1922','2015-10-31',9140024),('Ч192242369','Ч1922','2015-12-31',8922240),('Ч141541670','Ч1415','2014-01-31',10111612),('Ч141541698','Ч1415','2014-02-28',10643043),('Ч141541729','Ч1415','2014-03-31',16913177),('Ч141541759','Ч1415','2014-04-30',15131810),('Ч141541790','Ч1415','2014-05-31',8452438),('Ч141541820','Ч1415','2014-06-30',8072804),('Ч141541851','Ч1415','2014-07-31',15480059),('Ч141541882','Ч1415','2014-08-31',9021432),('Ч141541912','Ч1415','2014-09-30',14690952),('Ч141541943','Ч1415','2014-10-31',12093957),('Ч141541973','Ч1415','2014-11-30',15129567),('Ч141542004','Ч1415','2014-12-31',9015661),('Ч141542124','Ч1415','2015-04-30',18158172),('Ч10041670','Ч100','2014-01-31',9214761),('Ч10041698','Ч100','2014-02-28',7123910),('Ч10041729','Ч100','2014-03-31',7343567),('Ч10041759','Ч100','2014-04-30',8925164),('Ч10041790','Ч100','2014-05-31',6254065),('Ч10041820','Ч100','2014-06-30',7755182),('Ч10041851','Ч100','2014-07-31',6146147),('Ч10041882','Ч100','2014-08-31',5804955),('Ч10041912','Ч100','2014-09-30',8376858),('Ч10041943','Ч100','2014-10-31',8400258),('Ч10041973','Ч100','2014-11-30',9880300),('Ч10042004','Ч100','2014-12-31',6599404),('Ч10042035','Ч100','2015-01-31',9611061),('Ч10042063','Ч100','2015-02-28',7499308),('Ч10042094','Ч100','2015-03-31',9200393),('Ч10042124','Ч100','2015-04-30',9432717),('Ч10042155','Ч100','2015-05-31',9563014),('Ч10042185','Ч100','2015-06-30',9556111),('Ч10042216','Ч100','2015-07-31',7558126),('Ч10042247','Ч100','2015-08-31',5021980),('Ч10042277','Ч100','2015-09-30',9720072),('Ч10042308','Ч100','2015-10-31',9881524),('Ч10042338','Ч100','2015-11-30',6579997),('Ч10042369','Ч100','2015-12-31',5305780),('Щ111841670','Щ1118','2014-01-31',14058672),('Щ111841698','Щ1118','2014-02-28',13543166),('Щ111841729','Щ1118','2014-03-31',14687283),('Щ111841759','Щ1118','2014-04-30',14258626),('Щ111841790','Щ1118','2014-05-31',13469555),('Щ111841820','Щ1118','2014-06-30',13543294),('Щ111841851','Щ1118','2014-07-31',14282950),('Щ111841882','Щ1118','2014-08-31',13716851),('Щ111841912','Щ1118','2014-09-30',14641492),('Щ111841943','Щ1118','2014-10-31',13583588),('Щ111841973','Щ1118','2014-11-30',14073176),('Щ111842004','Щ1118','2014-12-31',14969065),('Щ111842035','Щ1118','2015-01-31',14058672),('Щ111842063','Щ1118','2015-02-28',13543166),('Щ111842094','Щ1118','2015-03-31',14687283),('Щ111842124','Щ1118','2015-04-30',14258626),('Щ111842155','Щ1118','2015-05-31',13469555),('Щ111842185','Щ1118','2015-06-30',13543294),('Щ111842216','Щ1118','2015-07-31',14282950),('Щ111842247','Щ1118','2015-08-31',13716851),('Щ111842277','Щ1118','2015-09-30',14641492),('Щ111842308','Щ1118','2015-10-31',13583588),('Щ111842338','Щ1118','2015-11-30',12073176),('Щ111842369','Щ1118','2015-12-31',13969065);
/*!40000 ALTER TABLE `продажи` ENABLE KEYS */;
UNLOCK TABLES;

--
-- Table structure for table `сотрудники`
--

DROP TABLE IF EXISTS `сотрудники`;
/*!40101 SET @saved_cs_client     = @@character_set_client */;
/*!50503 SET character_set_client = utf8mb4 */;
CREATE TABLE `сотрудники` (
  `Id` int NOT NULL AUTO_INCREMENT,
  `Фамилия` varchar(45) DEFAULT NULL,
  `Имя` varchar(45) DEFAULT NULL,
  `Отчество` varchar(45) DEFAULT NULL,
  `Возраст` int DEFAULT NULL,
  `Пол` varchar(30) DEFAULT NULL,
  `Магазин` varchar(5) DEFAULT NULL,
  PRIMARY KEY (`Id`),
  KEY `FK_Магазины_idx` (`Магазин`),
  CONSTRAINT `FK_магаз` FOREIGN KEY (`Магазин`) REFERENCES `магазины` (`Магазин`)
) ENGINE=InnoDB AUTO_INCREMENT=177 DEFAULT CHARSET=utf8mb4 COLLATE=utf8mb4_0900_ai_ci;
/*!40101 SET character_set_client = @saved_cs_client */;

--
-- Dumping data for table `сотрудники`
--

LOCK TABLES `сотрудники` WRITE;
/*!40000 ALTER TABLE `сотрудники` DISABLE KEYS */;
INSERT INTO `сотрудники` VALUES (1,'Ефимов','Августин','Андреевич',31,'м','А1400'),(2,'Сысоева','Марфа','Арсеньевна',46,'ж','А1400'),(3,'Гуляева','Марина','Еремеевна',21,'ж','А1400'),(4,'Александров','Леонард','Эльдарович',41,'м','А1400'),(5,'Крюков','Иван','Викторович',44,'м','А1400'),(6,'Горбачёв','Борис','Денисович',35,'м','А1400'),(7,'Савина','Святослава','Адольфовна',23,'ж','А1400'),(8,'Рыбакова','Римма','Демьяновна',44,'ж','А1400'),(9,'Беспалов','Филипп','Серапионович',24,'м','А1400'),(10,'Силин','Адам','Петрович',23,'м','А1714'),(11,'Исаева','Доминика','Агафоновна',28,'ж','А1714'),(12,'Сысоев','Станислав','Гордеевич',35,'м','А1714'),(13,'Филиппова','Симона','Пантелеймоновна',23,'ж','А1714'),(14,'Фомичёв','Лаврентий','Геннадиевич',51,'м','А1714'),(15,'Блинов','Илья','Христофорович',52,'м','Б766'),(16,'Исаев','Влас','Антонинович',25,'м','Б766'),(17,'Юдин','Ипполит','Никитевич',31,'м','Б766'),(18,'Юдин','Устин','Гордеевич',45,'м','Б766'),(19,'Самсонова','Харита','Ефимовна',30,'ж','Б766'),(20,'Николаева','Рамина','Иринеевна',45,'ж','Б1911'),(21,'Мухина','Нонна','Петровна',27,'ж','Б1911'),(22,'Копылов','Наум','Юрьевич',52,'м','Б1911'),(23,'Зимин','Панкратий','Геннадьевич',29,'м','Б1911'),(24,'Ситникова','Романа','Романовна',34,'ж','Б1911'),(25,'Мухин','Вадим','Тимофеевич',43,'м','Б1911'),(26,'Павлова','Дэнна','Романовна',33,'ж','Б1911'),(27,'Данилова','Мелитта','Протасьевна',36,'ж','Б1911'),(28,'Ситников','Анатолий','Егорович',33,'м','Б1911'),(29,'Егоров','Пантелей','Авксентьевич',48,'м','Б1911'),(30,'Бирюкова','Сильвия','Аристарховна',36,'ж','Б1911'),(31,'Муравьёва','Адель','Серапионовна',51,'ж','Б1911'),(32,'Белова','Яна','Григорьевна',45,'ж','Б138'),(33,'Киселёв','Кондрат','Георгиевич',34,'м','Б138'),(34,'Дементьева','Дарья','Никитевна',31,'ж','Б138'),(35,'Меркушев','Тимур','Митрофанович',21,'м','Б138'),(36,'Брагин','Евдоким','Адольфович',21,'м','Б138'),(37,'Михеев','Анатолий','Андреевич',49,'м','Б138'),(38,'Самойлова','Эжени','Павловна',42,'ж','Б138'),(39,'Федосеев','Варлам','Сергеевич',27,'м','Б138'),(40,'Гаврилов','Панкратий','Петрович',23,'м','Б138'),(41,'Власова','Инесса','Игоревна',28,'ж','Б138'),(42,'Красильников','Фрол','Максимович',49,'м','Б941'),(43,'Селиверстов','Любомир','Созонович',47,'м','Б941'),(44,'Рогова','Альвина','Тимуровна',49,'ж','Б941'),(45,'Селезнёва','Асида','Михаиловна',35,'ж','Б941'),(46,'Брагина','Азалия','Ефимовна',42,'ж','Б941'),(47,'Комиссарова','Роксана','Робертовна',42,'ж','М1558'),(48,'Калашникова','Нина','Михайловна',33,'ж','М1558'),(49,'Дорофеева','София','Лукьяновна',39,'ж','М1558'),(50,'Сорокина','Эллада','Созоновна',37,'ж','М1558'),(51,'Федосеева','Милена','Серапионовна',39,'ж','М1558'),(52,'Галкин','Ярослав','Донатович',29,'м','М1558'),(53,'Мухин','Митрофан','Ярославович',44,'м','М1558'),(54,'Рябова','Аделия','Оскаровна',45,'ж','М1558'),(55,'Анисимова','Лилия','Антониновна',51,'ж','М1558'),(56,'Селиверстов','Севастьян','Давидович',21,'м','М1558'),(57,'Дементьев','Александр','Геннадьевич',30,'м','М1558'),(58,'Туров','Парамон','Яковлевич',35,'м','М1394'),(59,'Киселёва','Эльвира','Улебовна',30,'ж','М1394'),(60,'Рябова','Ветта','Даниловна',24,'ж','М1394'),(61,'Гуляев','Владислав','Авксентьевич',32,'м','М1394'),(62,'Сорокина','Альвина','Федоровна',34,'ж','М669'),(63,'Лукин','Игнат','Яковович',42,'м','М669'),(64,'Харитонова','Милана','Сергеевна',32,'ж','М669'),(65,'Сергеев','Вилли','Владиславович',33,'м','М669'),(66,'Доронина','Анита','Эдуардовна',29,'ж','М669'),(67,'Фролов','Михаил','Богданович',40,'м','М669'),(68,'Меркушева','Инесса','Наумовна',30,'ж','М669'),(69,'Лобанов','Вальтер','Донатович',42,'м','М669'),(70,'Куликов','Кирилл','Рубенович',51,'м','М669'),(71,'Пономарёв','Мечеслав','Иванович',50,'м','М669'),(72,'Ширяева','Артемида','Владимировна',21,'ж','М1432'),(73,'Уварова','Ангелина','Денисовна',31,'ж','М1432'),(74,'Белякова','Альберта','Владимировна',50,'ж','М1432'),(75,'Орлова','Мишель','Витальевна',23,'ж','М1432'),(76,'Голубева','Милда','Владленовна',34,'ж','М1432'),(77,'Громова','Борислава','Демьяновна',49,'ж','М1432'),(78,'Зимина','Ева','Митрофановна',21,'ж','М1432'),(79,'Терентьева','Санта','Матвеевна',43,'ж','М1432'),(80,'Зуев','Ермак','Львович',40,'м','М1432'),(81,'Комаров','Арнольд','Сергеевич',25,'м','М1432'),(82,'Дорофеева','Анастасия','Оскаровна',32,'ж','М1432'),(83,'Ефремов','Роман','Владиславович',37,'м','Н1567'),(84,'Соловьёв','Мечеслав','Рубенович',31,'м','Н1567'),(85,'Фадеев','Илья','Валерьянович',21,'м','Н1567'),(86,'Мишин','Касьян','Яковович',25,'м','Н1567'),(87,'Носова','Санда','Серапионовна',52,'ж','Н1567'),(88,'Ковалёв','Любомир','Гордеевич',34,'м','Н1567'),(89,'Якушева','Оксана','Алексеевна',52,'ж','Н1567'),(90,'Савин','Арсений','Алексеевич',29,'м','Н1567'),(91,'Журавлёв','Леонтий','Ильяович',32,'м','Н1567'),(92,'Кузнецова','Видана','Максимовна',33,'ж','Н1567'),(93,'Медведев','Кассиан','Георгиевич',34,'м','Н1845'),(94,'Кулакова','Фая','Борисовна',43,'ж','Н1845'),(95,'Дьячков','Вадим','Сергеевич',50,'м','Н1845'),(96,'Аксёнова','Амелия','Эдуардовна',32,'ж','Н1845'),(97,'Сафонов','Осип','Борисович',35,'м','Н1845'),(98,'Зимин','Павел','Антонинович',42,'м','Н1845'),(99,'Самсонова','Наталья','Владленовна',28,'ж','Н908'),(100,'Гурьев','Вениамин','Эдуардович',23,'м','Н908'),(101,'Анисимов','Афанасий','Лаврентьевич',44,'м','Н908'),(102,'Галкина','Фия','Константиновна',31,'ж','Н908'),(103,'Морозов','Игнат','Фролович',23,'м','Н908'),(104,'Моисеев','Клим','Германнович',31,'м','Н908'),(105,'Богданова','Видана','Тарасовна',38,'ж','Н908'),(106,'Турова','Любовь','Аристарховна',23,'ж','Н908'),(107,'Большаков','Корней','Аристархович',39,'м','О370'),(108,'Ефремова','Жаклин','Петровна',29,'ж','О370'),(109,'Некрасов','Александр','Николаевич',32,'м','О370'),(110,'Соловьёва','Эмма','Геннадьевна',41,'ж','О370'),(111,'Большаков','Максим','Богданович',25,'м','О370'),(112,'Лыткин','Дмитрий','Данилович',40,'м','О370'),(113,'Яковлев','Флор','Святославович',38,'м','О370'),(114,'Прохорова','Инара','Святославовна',23,'ж','О370'),(115,'Морозов','Нелли','Глебович',33,'ж','О370'),(116,'Федосеева','Вероника','Рудольфовна',22,'ж','О2097'),(117,'Капустин','Осип','Александрович',46,'м','О2097'),(118,'Воронцов','Кондрат','Викторович',21,'м','О2097'),(119,'Андреев','Игнатий','Дамирович',33,'м','О2097'),(120,'Андреев','Альфред','Феликсович',38,'м','О1094'),(121,'Гурьева','Симона','Платоновна',27,'ж','О1094'),(122,'Костина','Эльвина','Михаиловна',25,'ж','О1094'),(123,'Хохлова','Генриетта','Дмитрьевна',34,'ж','О1094'),(124,'Новикова','Леся','Богдановна',38,'ж','О228'),(125,'Суворова','Галина','Всеволодовна',37,'ж','О228'),(126,'Меркушева','Станислава','Викторовна',42,'ж','О228'),(127,'Герасимова','Эрика','Натановна',51,'ж','О228'),(128,'Жукова','Сара','Никитевна',30,'ж','О228'),(129,'Алексеева','Аксинья','Юлиановна',21,'ж','О228'),(130,'Полякова','Санда','Якуновна',35,'ж','О228'),(131,'Исаков','Климент','Максимович',49,'м','О228'),(132,'Ефремов','Назарий','Максимович',41,'м','О228'),(133,'Мухина','Мальта','Евгеньевна',34,'ж','О228'),(134,'Аксёнов','Вениамин','Дмитрьевич',29,'м','Ч356'),(135,'Потапова','Кара','Геннадиевна',37,'ж','Ч356'),(136,'Гуляева','Эмбер','Эльдаровна',30,'ж','Ч356'),(137,'Белов','Лев','Данилович',43,'м','Ч356'),(138,'Якушев','Владлен','Авксентьевич',35,'м','Ч356'),(139,'Иванова','Эмилия','Макаровна',24,'ж','Ч356'),(140,'Евсеев','Ефим','Петрович',30,'м','Ч356'),(141,'Новиков','Агафон','Мэлсович',40,'м','Ч356'),(142,'Данилов','Алан','Денисович',32,'м','Ч356'),(143,'Мельников','Касьян','Ефимович',47,'м','Ч356'),(144,'Галкина','Клавдия','Витальевна',43,'ж','Ч1922'),(145,'Емельянова','Асида','Кирилловна',48,'ж','Ч1922'),(146,'Воронова','Эльвина','Наумовна',29,'ж','Ч1922'),(147,'Рыбаков','Флор','Иванович',46,'м','Ч1922'),(148,'Денисова','Кира','Платоновна',48,'ж','Ч1922'),(149,'Богданов','Нелли','Адольфович',36,'ж','Ч1922'),(150,'Селиверстов','Натан','Анатольевич',21,'м','Ч1922'),(151,'Красильникова','Леся','Степановна',35,'ж','Ч1922'),(152,'Беляков','Родион','Семёнович',30,'м','Ч1922'),(153,'Суханов','Аким','Степанович',47,'м','Ч1922'),(154,'Русаков','Гурий','Романович',24,'м','Ч1922'),(155,'Некрасова','Диша','Мироновна',38,'ж','Ч1922'),(156,'Макарова','Тала','Кимовна',38,'ж','Ч1922'),(157,'Боброва','Беатриса','Георгиевна',31,'ж','Ч1415'),(158,'Якушева','Доминика','Якуновна',22,'ж','Ч1415'),(159,'Андреев','Аверкий','Владимирович',26,'м','Ч1415'),(160,'Кузнецова','Патрисия','Максовна',39,'ж','Ч1415'),(161,'Веселова','Тереза','Георгиевна',39,'ж','Ч1415'),(162,'Третьякова','Елена','Серапионовна',29,'ж','Ч1415'),(163,'Максимов','Клемент','Феликсович',28,'м','Ч1415'),(164,'Михайлов','Гавриил','Геннадиевич',29,'м','Ч100'),(165,'Мельникова','Инара','Федосеевна',40,'ж','Ч100'),(166,'Романов','Касьян','Агафонович',37,'м','Ч100'),(167,'Терентьева','Алеся','Васильевна',35,'ж','Ч100'),(168,'Елисеева','Джулия','Кимовна',21,'ж','Ч100'),(169,'Воронов','Пантелей','Владиславович',22,'м','Ч100'),(170,'Андреев','Севастьян','Львович',43,'м','Ч100'),(171,'Фёдоров','Геннадий','Кириллович',33,'м','Ч100'),(172,'Никифоров','Осип','Антонович',23,'м','Ч100'),(173,'Филатов','Емельян','Степанович',34,'м','Щ1118'),(174,'Гуляева','Евгения','Артемовна',49,'ж','Щ1118'),(175,'Крюкова','Крис','Станиславовна',37,'ж','Щ1118'),(176,'Русакова','Эрида','Адольфовна',42,'ж','Щ1118');
/*!40000 ALTER TABLE `сотрудники` ENABLE KEYS */;
UNLOCK TABLES;
/*!40103 SET TIME_ZONE=@OLD_TIME_ZONE */;

/*!40101 SET SQL_MODE=@OLD_SQL_MODE */;
/*!40014 SET FOREIGN_KEY_CHECKS=@OLD_FOREIGN_KEY_CHECKS */;
/*!40014 SET UNIQUE_CHECKS=@OLD_UNIQUE_CHECKS */;
/*!40101 SET CHARACTER_SET_CLIENT=@OLD_CHARACTER_SET_CLIENT */;
/*!40101 SET CHARACTER_SET_RESULTS=@OLD_CHARACTER_SET_RESULTS */;
/*!40101 SET COLLATION_CONNECTION=@OLD_COLLATION_CONNECTION */;
/*!40111 SET SQL_NOTES=@OLD_SQL_NOTES */;

-- Dump completed on 2023-11-11 20:10:44
