-- MySQL dump 10.13  Distrib 8.0.34, for Win64 (x86_64)
--
-- Host: 127.0.0.1    Database: sociology
-- ------------------------------------------------------
-- Server version	8.0.34

/*!40101 SET @OLD_CHARACTER_SET_CLIENT=@@CHARACTER_SET_CLIENT */;
/*!40101 SET @OLD_CHARACTER_SET_RESULTS=@@CHARACTER_SET_RESULTS */;
/*!40101 SET @OLD_COLLATION_CONNECTION=@@COLLATION_CONNECTION */;
/*!50503 SET NAMES utf8 */;
/*!40103 SET @OLD_TIME_ZONE=@@TIME_ZONE */;
/*!40103 SET TIME_ZONE='+00:00' */;
/*!40014 SET @OLD_UNIQUE_CHECKS=@@UNIQUE_CHECKS, UNIQUE_CHECKS=0 */;
/*!40014 SET @OLD_FOREIGN_KEY_CHECKS=@@FOREIGN_KEY_CHECKS, FOREIGN_KEY_CHECKS=0 */;
/*!40101 SET @OLD_SQL_MODE=@@SQL_MODE, SQL_MODE='NO_AUTO_VALUE_ON_ZERO' */;
/*!40111 SET @OLD_SQL_NOTES=@@SQL_NOTES, SQL_NOTES=0 */;

--
-- Table structure for table `политика`
--

DROP TABLE IF EXISTS `политика`;
/*!40101 SET @saved_cs_client     = @@character_set_client */;
/*!50503 SET character_set_client = utf8mb4 */;
CREATE TABLE `политика` (
  `№респондента` int NOT NULL,
  `Возраст лет` int DEFAULT NULL,
  `Пол` int DEFAULT NULL,
  `Системный код` int DEFAULT NULL,
  `Район города` varchar(100) DEFAULT NULL,
  `$ уровень` text,
  `Количество детей до 16 лет` int DEFAULT NULL,
  `Количество членов семьи` int DEFAULT NULL,
  `Статус жилья` text,
  `1 вопрос балл` int DEFAULT NULL,
  `2 вопрос балл` int DEFAULT NULL,
  `3 вопрос балл` int DEFAULT NULL,
  `Доверяете ли Вы:  ФИО 1` text,
  `Доверяете ли Вы:  ФИО 2` text,
  `Доверяете ли Вы:  ФИО 3` text,
  `Доверяете ли Вы:  ФИО 4` text,
  `Доверяете ли Вы:  ФИО 5` text,
  `Доверяете ли Вы:  ФИО 6` text,
  `Доверяете ли Вы:  ФИО 7` text,
  PRIMARY KEY (`№респондента`),
  KEY `FK_районы_idx` (`Район города`),
  CONSTRAINT `FK_районы` FOREIGN KEY (`Район города`) REFERENCES `районы` (`Район`)
) ENGINE=InnoDB DEFAULT CHARSET=utf8mb4 COLLATE=utf8mb4_0900_ai_ci;
/*!40101 SET character_set_client = @saved_cs_client */;

--
-- Dumping data for table `политика`
--

LOCK TABLES `политика` WRITE;
/*!40000 ALTER TABLE `политика` DISABLE KEYS */;
INSERT INTO `политика` VALUES (1,52,1,537081,'Советский','Низкий',0,2,'Собственное',2,4,10,'1','','','','1','','1'),(2,52,0,619179,'Советский','Низкий',0,2,'Собственное',6,15,8,'','','1','1','1','','1'),(3,35,1,546048,'Железнодорожный','Низкий',0,2,'Съемное',11,9,4,'1','1','1','','','','1'),(4,49,1,174774,'Левобережный','Средний',2,4,'Собственное',3,14,9,'1','','','','1','1',''),(5,57,0,578543,'Центральный','Средний',0,2,'Съемное',9,1,11,'','','1','','1','','1'),(6,18,1,737897,'Левобережный','Средний',0,2,'Собственное',14,13,3,'1','','1','1','','',''),(7,57,1,439530,'Левобережный','Средний',0,2,'Съемное',13,15,12,'','','','1','','1','1'),(8,37,1,753663,'Железнодорожный','Средний',1,3,'Собственное',6,13,4,'','','1','1','','1','1'),(9,28,0,576913,'Коминтерновский','Средний',1,4,'Собственное',9,9,10,'','','','1','','','1'),(10,71,1,693376,'Коминтерновский','Средний',0,2,'Собственное',14,6,15,'1','','','','','','1'),(11,24,0,820507,'Коминтерновский','Средний',3,5,'Съемное',3,9,9,'1','1','','','','1','1'),(12,53,0,589963,'Коминтерновский','Низкий',0,1,'Собственное',4,15,7,'','','1','1','','1','1'),(13,18,0,380014,'Железнодорожный','Средний',0,2,'Съемное',3,6,14,'1','1','','','1','','1'),(14,50,1,933036,'Левобережный','Средний',0,1,'Съемное',5,1,10,'','','','1','','1',''),(15,32,1,895300,'Коминтерновский','Низкий',1,3,'Собственное',5,2,6,'','1','','1','1','1','1'),(16,65,1,507701,'Коминтерновский','Средний',0,2,'Съемное',14,12,12,'','1','','1','1','','1'),(17,45,1,244550,'Советский','Средний',3,5,'Собственное',1,7,13,'1','','','1','','1','1'),(18,41,0,552972,'Левобережный','Средний',1,3,'Съемное',2,8,13,'','1','','','','1',''),(19,64,0,151020,'Левобережный','Средний',0,2,'Съемное',10,1,7,'','1','1','','1','1','1'),(20,74,0,887425,'Левобережный','Средний',0,2,'Съемное',3,5,11,'1','1','','','1','','1'),(21,35,1,494030,'Коминтерновский','Средний',0,1,'Собственное',7,6,10,'1','1','','','','1','1'),(22,63,1,924430,'Ленинский','Средний',0,2,'Съемное',11,15,4,'','','','','','1',''),(23,65,1,995515,'Советский','Средний',0,1,'Съемное',6,13,15,'1','1','','','','1',''),(24,77,0,276677,'Коминтерновский','Низкий',0,1,'Собственное',8,4,7,'1','1','1','','1','',''),(25,31,0,799743,'Центральный','Средний',1,3,'Съемное',14,6,13,'1','','','1','1','','1'),(26,22,1,210819,'Левобережный','Средний',0,2,'Собственное',5,10,1,'','','1','','','','1'),(27,40,0,586177,'Центральный','Средний',2,4,'Собственное',13,8,11,'1','1','1','1','1','',''),(28,64,1,879799,'Левобережный','Средний',0,2,'Съемное',7,1,1,'1','1','1','','1','','1'),(29,45,0,569122,'Левобережный','Низкий',1,3,'Съемное',13,11,15,'','','','1','1','1',''),(30,72,0,197483,'Железнодорожный','Средний',0,1,'Собственное',13,1,6,'1','','','1','','1','1'),(31,48,0,667944,'Советский','Средний',3,5,'Съемное',12,5,9,'','1','','1','','1','1'),(32,53,1,727884,'Советский','Средний',0,2,'Собственное',4,12,15,'','','','1','1','1',''),(33,48,0,954404,'Коминтерновский','Средний',0,1,'Съемное',10,13,5,'1','1','','1','1','',''),(34,75,1,660274,'Левобережный','Низкий',0,1,'Собственное',6,12,2,'','1','','','','1','1'),(35,25,1,253473,'Левобережный','Низкий',3,5,'Съемное',9,5,1,'','','1','1','1','','1'),(36,67,1,256783,'Коминтерновский','Средний',0,2,'Съемное',2,10,7,'','1','1','1','','','1'),(37,54,0,720908,'Левобережный','Средний',0,2,'Собственное',15,8,15,'','1','1','1','1','1','1'),(38,26,1,687019,'Левобережный','Средний',3,5,'Съемное',7,9,15,'','','','','','1',''),(39,20,0,682569,'Центральный','Средний',1,3,'Съемное',13,6,4,'1','1','','','','',''),(40,47,0,333213,'Коминтерновский','Средний',2,4,'Съемное',3,10,3,'','','1','1','1','1','1'),(41,73,1,324586,'Левобережный','Средний',0,2,'Собственное',15,6,6,'1','','','','','1','1'),(42,19,0,744293,'Железнодорожный','Средний',0,2,'Собственное',9,4,10,'1','1','','','1','1','1'),(43,70,1,391542,'Коминтерновский','Низкий',0,1,'Съемное',14,14,3,'1','','','','1','','1'),(44,57,0,802215,'Ленинский','Средний',0,2,'Съемное',7,10,1,'','1','1','1','1','',''),(45,29,1,903657,'Советский','Средний',1,3,'Съемное',10,6,14,'','1','','','1','1',''),(46,62,0,882909,'Центральный','Средний',0,2,'Съемное',10,15,5,'1','1','1','','','1',''),(47,59,1,690740,'Ленинский','Средний',0,1,'Собственное',11,3,3,'1','1','1','1','','',''),(48,23,1,413211,'Центральный','Средний',0,1,'Собственное',5,6,12,'1','1','1','','1','','1'),(49,49,1,101497,'Железнодорожный','Низкий',0,1,'Собственное',13,13,14,'','','1','','1','1','1'),(50,34,1,664849,'Ленинский','Средний',1,4,'Собственное',10,15,12,'','1','','','','1','1'),(51,39,1,579626,'Железнодорожный','Низкий',1,3,'Съемное',4,15,8,'1','1','1','','1','','1'),(52,43,1,352991,'Ленинский','Средний',0,2,'Собственное',5,11,7,'1','','1','','1','1',''),(53,68,1,599993,'Советский','Средний',0,2,'Собственное',11,4,1,'1','1','1','','1','1',''),(54,48,0,560657,'Коминтерновский','Средний',1,3,'Съемное',7,9,2,'','1','1','1','','1',''),(55,61,1,653535,'Ленинский','Низкий',0,2,'Собственное',13,4,8,'','','1','','','',''),(56,70,0,194286,'Ленинский','Средний',0,2,'Съемное',14,2,12,'1','1','','1','1','','1'),(57,43,0,885133,'Железнодорожный','Средний',3,5,'Собственное',14,10,2,'','1','1','1','','','1'),(58,76,0,465983,'Центральный','Средний',0,2,'Съемное',2,3,5,'1','1','','','','',''),(59,21,0,208586,'Советский','Средний',2,4,'Съемное',2,3,8,'','1','','1','1','','1'),(60,28,0,509686,'Коминтерновский','Средний',0,1,'Съемное',5,1,1,'1','1','','','','1','1'),(61,21,1,570706,'Железнодорожный','Средний',0,2,'Съемное',2,8,12,'','','','','','','1'),(62,66,1,163232,'Железнодорожный','Средний',0,2,'Собственное',1,10,6,'1','1','1','1','','',''),(63,47,0,277481,'Коминтерновский','Средний',1,3,'Съемное',7,7,12,'','1','1','','','',''),(64,40,1,485149,'Советский','Средний',0,1,'Собственное',8,15,15,'1','1','1','','1','1',''),(65,52,1,681538,'Железнодорожный','Средний',0,2,'Съемное',1,8,4,'1','1','1','1','1','','1'),(66,39,0,179863,'Коминтерновский','Средний',1,2,'Съемное',14,13,2,'','1','1','','1','1',''),(67,57,1,969366,'Железнодорожный','Средний',0,1,'Съемное',5,3,9,'1','1','1','1','','',''),(68,32,1,557263,'Советский','Средний',1,4,'Собственное',8,1,14,'1','','1','','1','1','1'),(69,76,0,372739,'Левобережный','Средний',0,2,'Собственное',1,10,3,'','','1','','','',''),(70,61,1,643228,'Коминтерновский','Средний',0,2,'Съемное',6,3,3,'','1','','1','1','1','1'),(71,41,1,772628,'Коминтерновский','Низкий',1,3,'Собственное',2,7,5,'','','1','','1','1',''),(72,21,0,670968,'Советский','Средний',0,2,'Собственное',6,4,5,'1','1','1','','','','1'),(73,60,1,401076,'Железнодорожный','Средний',0,2,'Собственное',5,13,11,'','','1','','1','',''),(74,60,0,571129,'Советский','Средний',0,2,'Собственное',1,12,6,'1','1','1','1','','',''),(75,38,0,810326,'Левобережный','Средний',1,4,'Съемное',11,15,11,'1','','1','','1','','1'),(76,35,1,281461,'Ленинский','Средний',0,1,'Съемное',6,9,15,'','','1','','1','1',''),(77,57,1,910550,'Ленинский','Средний',0,2,'Собственное',4,14,2,'','','','1','','','1'),(78,23,0,314177,'Ленинский','Низкий',0,2,'Собственное',12,13,2,'','','1','1','','1','1'),(79,55,0,528284,'Советский','Средний',0,1,'Собственное',4,15,2,'1','1','','1','1','1','1'),(80,70,1,200999,'Коминтерновский','Низкий',0,1,'Собственное',13,2,1,'1','','','1','1','1',''),(81,19,0,118323,'Коминтерновский','Средний',0,2,'Собственное',12,4,4,'1','1','','','','1','1'),(82,38,0,125597,'Коминтерновский','Средний',0,2,'Собственное',1,8,41,'1','1','1','1','1','1','1'),(83,39,1,654275,'Железнодорожный','Средний',3,5,'Собственное',1,3,4,'1','','1','','','1','1'),(84,41,0,496942,'Центральный','Средний',2,3,'Собственное',5,2,5,'1','','1','1','','',''),(85,61,1,698358,'Центральный','Средний',0,2,'Съемное',7,7,12,'1','','1','','1','1','1'),(86,18,0,439488,'Советский','Низкий',0,2,'Съемное',2,7,8,'','1','','','','',''),(87,42,0,720156,'Ленинский','Средний',2,3,'Собственное',4,12,6,'1','1','1','','1','1','1'),(88,29,0,651597,'Коминтерновский','Низкий',3,5,'Съемное',9,8,15,'1','','','','1','1','1'),(89,18,1,824887,'Железнодорожный','Средний',0,1,'Собственное',6,14,8,'1','1','1','','','1',''),(90,45,0,235058,'Железнодорожный','Средний',3,5,'Собственное',11,7,11,'1','1','1','','','1',''),(91,74,1,248828,'Центральный','Средний',0,2,'Съемное',3,31,8,'1','1','','1','1','1',''),(92,37,0,237658,'Ленинский','Средний',2,4,'Съемное',7,13,6,'1','1','1','1','1','',''),(93,38,1,908736,'Коминтерновский','Средний',1,3,'Собственное',5,15,15,'1','','','','1','',''),(94,22,1,307629,'Железнодорожный','Низкий',2,4,'Собственное',2,4,8,'1','','1','1','1','',''),(95,50,0,929158,'Советский','Низкий',0,1,'Съемное',10,2,11,'1','1','1','','','','1'),(96,51,0,801702,'Левобережный','Низкий',0,2,'Съемное',13,4,2,'1','','','','','1',''),(97,56,0,449737,'Советский','Средний',0,2,'Съемное',15,4,6,'','1','1','','1','','1'),(98,37,0,152930,'Железнодорожный','Низкий',0,2,'Собственное',13,6,8,'1','1','','','','','1'),(99,42,0,298110,'Левобережный','Средний',0,1,'Съемное',4,12,3,'1','1','1','1','1','1','1'),(100,44,1,832204,'Коминтерновский','Средний',3,5,'Собственное',7,11,8,'1','1','1','1','1','1','1'),(101,44,1,649517,'Ленинский','Средний',0,1,'Собственное',6,9,8,'1','','1','1','1','1',''),(102,45,1,576057,'Советский','Средний',3,5,'Собственное',4,10,10,'1','1','1','1','1','1','1'),(103,19,0,670690,'Центральный','Средний',3,5,'Собственное',8,9,2,'','','1','','','',''),(104,33,0,965082,'Железнодорожный','Средний',0,2,'Съемное',11,12,2,'1','','','','','',''),(105,22,1,274759,'Левобережный','Низкий',0,2,'Съемное',21,3,8,'','','1','','','1','1'),(106,54,0,413665,'Советский','Средний',0,1,'Съемное',7,4,12,'','','1','1','','1',''),(107,46,0,158645,'Советский','Низкий',3,5,'СЪЕМное',10,9,12,'1','1','','','','1','1'),(108,37,1,891698,'Левобережный','Средний',1,3,'Собственное',9,14,7,'1','1','','1','','1','1'),(109,34,0,952093,'Ленинский','Средний',0,2,'Собственное',9,10,15,'','','1','1','','1',''),(110,32,0,521135,'Коминтерновский','Средний',0,1,'Собственное',3,8,11,'1','1','','','','',''),(111,35,1,796777,'Ленинский','Средний',3,5,'СЪЕМНОЕ',10,6,15,'1','','','1','1','1',''),(112,59,0,324766,'Левобережный','Средний',0,2,'Съемное',8,1,3,'1','','1','','','',''),(113,69,1,586741,'Ленинский','Средний',0,2,'Съемное',3,2,8,'1','1','','','','',''),(114,44,1,632890,'Центральный','Высокий',0,2,'СОБСТВЕННОЕ',4,1,4,'1','','1','','1','1','1'),(115,69,0,595697,'Коминтерновский','Низкий',0,2,'Собственное',3,15,11,'1','','1','','','',''),(116,71,1,668115,'Советский','Средний',0,2,'Съемное',12,4,1,'','','','','1','','1'),(117,57,0,582002,'Центральный','Средний',0,2,'Съемное',10,8,5,'','1','','','1','',''),(118,32,0,472200,'Ленинский','Средний',1,2,'собственное',12,13,12,'1','1','','','','1','1'),(119,31,1,838883,'Коминтерновский','Средний',0,2,'Съемное',14,14,3,'1','1','','','','',''),(120,30,0,434531,'Железнодорожный','Средний',2,4,'Собственное',1,13,11,'1','','','','','','1'),(121,66,1,979698,'Коминтерновский','Низкий',0,2,'Съемное',12,15,7,'','1','','1','','1','1'),(122,60,1,913520,'Советский','Средний',0,2,'Съемное',12,15,9,'1','','1','','1','1',''),(123,40,1,677132,'Советский','Средний',1,4,'Собственное',3,15,14,'1','1','','1','1','','1'),(124,35,1,993222,'Ленинский','Средний',3,5,'Собственное',9,2,11,'1','1','1','','','1',''),(125,56,0,558644,'Коминтерновский','Низкий',0,2,'Съемное',12,8,10,'','','','1','1','1',''),(126,41,0,201546,'Центральный','Средний',2,4,'Съемное',6,2,3,'','','1','1','','','1'),(127,19,1,467053,'Железнодорожный','Средний',2,4,'Съемное',8,4,2,'','1','','','1','',''),(128,19,0,193081,'Железнодорожный','Средний',2,3,'Собственное',5,6,3,'1','','1','','','1',''),(129,52,0,645269,'Ленинский','Средний',0,2,'Съемное',7,15,5,'','1','','1','1','1','1'),(130,28,0,290267,'Левобережный','Средний',3,5,'Съемное',10,3,15,'','1','1','','','1','1'),(131,32,0,624933,'Железнодорожный','Средний',1,4,'Съемное',1,15,5,'1','','','','','','1'),(132,20,1,705121,'Коминтерновский','Средний',2,4,'Собственное',11,15,3,'','','','','1','',''),(133,45,0,895108,'Левобережный','Средний',0,2,'Съемное',10,14,3,'','1','1','','','','1'),(134,43,0,941666,'Советский','Средний',0,1,'Съемное',4,2,6,'','','1','1','1','1',''),(135,42,0,610294,'Левобережный','Средний',2,4,'Съемное',8,6,1,'','','1','','','1','1'),(136,42,1,454581,'Коминтерновский','Средний',1,3,'Собственное',5,14,1,'1','1','','','','','1'),(137,67,1,599743,'Ленинский','Средний',0,1,'Съемное',10,10,6,'1','1','','1','1','1',''),(138,64,1,163205,'Левобережный','Средний',0,2,'Собственное',14,4,9,'1','1','1','','','',''),(139,42,0,807545,'Ленинский','Низкий',1,4,'Собственное',13,15,14,'','','1','1','','',''),(140,41,1,715283,'Центральный','Средний',0,1,'Съемное',3,11,2,'','1','','','1','1','1'),(141,26,0,369302,'Левобережный','Средний',0,2,'Съемное',3,14,5,'1','1','1','1','1','','1'),(142,27,1,701895,'Советский','Средний',1,3,'Собственное',9,2,12,'1','1','','1','1','1','1'),(143,68,1,555917,'Железнодорожный','Средний',0,2,'Съемное',9,7,6,'1','1','1','','','1',''),(144,21,0,550961,'Левобережный','Средний',0,2,'Собственное',5,12,1,'1','1','1','','1','','1'),(145,26,1,788109,'Левобережный','Средний',2,4,'Собственное',4,8,15,'','','1','1','1','',''),(146,73,1,139445,'Коминтерновский','Средний',0,2,'Собственное',7,1,4,'1','','1','','1','','1'),(147,22,1,379710,'Советский','Низкий',0,1,'Собственное',2,3,2,'','','','1','','','1'),(148,48,0,227178,'Левобережный','Средний',0,2,'Съемное',13,3,9,'','1','1','','','1','1'),(149,40,1,174247,'Коминтерновский','Средний',0,2,'Собственное',6,2,14,'1','','','','1','1',''),(150,51,0,921846,'Железнодорожный','Средний',0,1,'Съемное',4,1,14,'1','1','1','','','',''),(151,68,1,952595,'Советский','Средний',0,2,'Собственное',11,9,1,'','1','1','1','1','',''),(152,35,0,679156,'Коминтерновский','Средний',0,2,'Собственное',11,2,3,'','','1','1','','','1'),(153,64,0,561838,'Центральный','Средний',0,1,'Собственное',5,5,8,'1','1','1','1','1','','1'),(154,58,1,760599,'Центральный','Средний',0,2,'Съемное',2,9,4,'1','1','','1','','',''),(155,36,0,929587,'Ленинский','Средний',0,1,'Собственное',2,9,3,'','','1','','','','1'),(156,56,0,417331,'Левобережный','Средний',0,2,'Собственное',12,2,10,'','','','','','',''),(157,58,0,983974,'Советский','Средний',0,2,'Собств.',13,7,13,'1','1','','1','','',''),(158,69,0,824941,'Коминтерновский','Средний',0,2,'Съемное',2,3,10,'','','1','1','','1','1'),(159,43,0,336822,'Железнодорожный','Средний',1,3,'Съемное',5,11,6,'','','1','','','',''),(160,30,1,289251,'Центральный','Средний',0,1,'Съемное',11,4,4,'','','','1','1','','1'),(161,49,1,962741,'Советский','Средний',0,1,'Собственное',5,8,11,'1','1','','','','','1'),(162,48,0,376903,'Левобережный','Низкий',2,5,'Собственное',6,4,11,'1','1','','1','','1',''),(163,35,1,793162,'Железнодорожный','Средний',0,2,'Съемное',10,9,15,'1','1','','1','1','1',''),(164,60,0,544377,'Советский','Средний',0,2,'Съемное',9,6,15,'','','1','','','','1'),(165,63,1,177099,'Левобережный','Низкий',0,2,'Съемное',12,1,13,'1','','1','','','1',''),(166,40,0,791886,'Советский','Низкий',1,3,'Собственное',13,15,1,'1','','','1','','1',''),(167,30,0,227169,'Коминтерновский','Средний',1,3,'Собственное',4,5,9,'','','1','1','1','','1'),(168,49,0,580526,'Железнодорожный','Средний',2,4,'Собственное',10,13,5,'1','','1','','1','1',''),(169,43,0,431871,'Ленинский','Средний',0,1,'Собственное',9,14,12,'1','','1','','1','',''),(170,37,1,709932,'Ленинский','Средний',0,2,'Съемное',13,1,15,'1','1','','1','','1','1'),(171,24,0,161610,'Левобережный','Средний',1,3,'Съемное',4,13,10,'1','','1','1','','1','1'),(172,27,0,991268,'Железнодорожный','Средний',2,5,'Собственное',6,11,14,'1','1','','1','','1','1'),(173,34,1,708707,'Советский','Средний',0,2,'Съемное',7,3,4,'','','1','1','','1','1'),(174,59,0,327968,'Ленинский','Низкий',0,2,'Собственное',7,2,13,'','1','1','','1','','1'),(175,55,1,787310,'Левобережный','Средний',0,1,'Собственное',11,2,5,'1','','1','','1','1','1'),(176,57,0,314656,'Железнодорожный','Средний',0,2,'Съемное',4,4,11,'','','','1','','1','1'),(177,34,0,796498,'Ленинский','Низкий',1,4,'Собственное',4,4,12,'','','','','1','',''),(178,34,0,440056,'Советский','Низкий',0,2,'Съемное',10,11,12,'1','1','1','1','','','1'),(179,34,0,159083,'Центральный','Средний',0,2,'Съемное',9,15,12,'1','1','1','','','1',''),(180,59,0,871133,'Центральный','Средний',0,2,'Съемное',9,5,14,'','1','','1','','','1'),(181,63,1,412278,'Центральный','Средний',0,1,'Собственное',6,2,5,'','1','1','1','1','','1'),(182,73,1,815664,'Центральный','Средний',0,2,'Собственное',3,6,10,'','','1','','1','','1'),(183,68,1,496947,'Центральный','Средний',0,1,'Съемное',9,2,7,'','1','','','','1',''),(184,62,1,910608,'Центральный','Средний',0,2,'Собственное',13,3,2,'','','1','1','','1','1'),(185,33,0,976201,'Центральный','Средний',2,2,'Собственное',12,3,4,'','','','1','1','',''),(186,41,1,894554,'Центральный','Средний',0,2,'Съемное',12,15,4,'1','1','1','1','1','','1'),(187,38,1,104994,'Центральный','Средний',2,4,'Съемное',4,12,14,'','','1','','1','1',''),(188,20,0,817963,'Центральный','Средний',2,4,'Съемное',7,14,10,'1','1','','','1','1','1'),(189,36,1,222552,'Центральный','Средний',0,1,'Съемное',15,15,11,'1','1','','1','','1','1'),(190,70,1,168403,'Центральный','Средний',0,2,'Собственное',11,12,10,'1','1','1','1','','',''),(191,25,1,380466,'Центральный','Средний',0,1,'Собственное',5,7,1,'','1','','1','','',''),(192,69,0,644992,'Центральный','Средний',0,2,'Съемное',14,12,7,'','1','1','','1','1',''),(193,23,1,758758,'Центральный','Средний',2,5,'Съемное',3,8,13,'1','','1','1','1','','1'),(194,31,0,709435,'Центральный','Средний',2,4,'Собственное',11,11,14,'1','','','','','',''),(195,61,1,754046,'Центральный','Средний',0,2,'Съемное',6,9,9,'1','1','1','','1','',''),(196,20,1,301447,'Центральный','Средний',2,4,'Собственное',2,10,7,'','1','1','1','1','1',''),(197,57,0,436335,'Центральный','Средний',0,2,'Собственное',5,4,12,'','1','1','1','1','',''),(198,42,1,381016,'Центральный','Средний',0,2,'Собственное',8,14,13,'','','','1','1','',''),(199,18,1,435407,'Центральный','Средний',2,5,'Съемное',9,9,11,'1','1','','','1','',''),(200,69,0,312577,'Центральный','Средний',0,2,'Съемное',9,12,9,'1','','','','','1',''),(201,35,0,980713,'Центральный','Средний',0,2,'Съемное',1,9,8,'','1','','','','','1'),(202,62,1,381707,'Центральный','Средний',0,1,'Съемное',10,13,6,'','','','','','','1'),(203,72,1,527659,'Центральный','Средний',0,2,'Съемное',2,12,10,'','1','1','','','','1'),(204,50,0,296013,'Центральный','Средний',0,2,'Съемное',3,13,15,'1','1','1','1','1','1',''),(205,67,1,352369,'Центральный','Средний',0,2,'Съемное',1,15,11,'','','1','1','','1','1'),(206,23,0,792294,'Центральный','Средний',2,5,'Съемное',6,4,13,'1','','1','1','','1',''),(207,34,1,168908,'Центральный','Средний',0,2,'Собственное',10,12,2,'1','','','','','1','1'),(208,57,1,632373,'Центральный','Средний',0,2,'Собственное',4,12,15,'1','1','1','','1','1',''),(209,44,1,124221,'Центральный','Средний',1,3,'Собственное',11,8,9,'1','','1','1','1','','1'),(210,66,1,130292,'Центральный','Средний',0,2,'Собственное',12,15,14,'','','1','','1','','1'),(211,38,0,812277,'Центральный','Средний',0,2,'Съемное',6,2,2,'1','','1','','','',''),(212,33,0,980861,'Центральный','Средний',0,2,'Собственное',13,2,11,'','1','','1','','',''),(214,60,1,765799,'Центральный','Средний',0,2,'Съемное',2,13,4,'1','','1','','','',''),(215,52,1,461301,'Центральный','Средний',0,2,'Съемное',14,11,15,'1','1','','1','','1',''),(216,37,0,849006,'Центральный','Средний',2,4,'Съемное',13,7,5,'','1','','','1','',''),(217,41,0,462664,'Центральный','Средний',2,4,'Собственное',15,1,13,'','1','1','1','1','','1'),(218,61,0,136601,'Центральный','Средний',0,2,'Съемное',14,9,8,'1','1','','1','1','',''),(219,64,1,893415,'Центральный','Средний',0,2,'Собственное',13,1,5,'1','','','','1','',''),(220,28,0,102138,'Центральный','Средний',0,2,'Собственное',7,12,1,'','','','1','1','1','1'),(221,32,1,201354,'Центральный','Средний',1,4,'Собственное',3,2,14,'1','','','','','1',''),(222,44,0,353385,'Центральный','Средний',0,2,'Собственное',9,6,4,'','','','','1','1','1'),(223,61,1,957168,'Центральный','Средний',0,2,'Съемное',15,12,8,'1','','','1','','1',''),(224,56,0,612042,'Центральный','Средний',0,2,'Съемное',10,3,13,'','','','1','1','1',''),(225,57,1,365102,'Центральный','Средний',0,2,'Съемное',5,15,15,'','1','1','','','1',''),(226,32,0,628957,'Центральный','Средний',0,1,'Собственное',8,5,7,'1','','1','','1','','1'),(227,61,1,492800,'Центральный','Средний',0,2,'Съемное',14,15,11,'1','1','','1','1','',''),(228,58,0,651670,'Центральный','Средний',0,2,'Собственное',10,11,2,'1','1','1','1','','1',''),(229,23,1,528003,'Центральный','Средний',0,2,'Съемное',10,3,15,'1','','1','1','','1','1'),(230,41,0,449227,'Центральный','Средний',0,2,'Съемное',13,10,7,'1','','','1','1','1',''),(231,23,1,189681,'Центральный','Средний',0,1,'Съемное',14,15,9,'1','','','','1','',''),(232,61,1,659829,'Центральный','Средний',0,2,'Собственное',9,12,4,'1','','','1','','',''),(233,52,0,879598,'Центральный','Средний',0,2,'Собственное',15,2,8,'1','1','1','','','','1'),(234,73,1,971379,'Центральный','Средний',0,2,'Съемное',3,3,7,'','1','','1','1','',''),(235,52,1,524231,'Центральный','Средний',0,2,'Съемное',11,13,7,'1','','1','1','1','1',''),(236,68,0,795057,'Центральный','Средний',0,2,'Съемное',10,10,10,'','1','','','1','',''),(237,30,1,731993,'Центральный','Средний',2,5,'Собственное',6,15,13,'1','1','','1','1','','1'),(238,28,1,277536,'Центральный','Средний',2,4,'Собственное',1,15,14,'','','1','','','','1'),(239,33,1,528966,'Центральный','Средний',2,4,'Собственное',12,11,6,'','','','','','1','1'),(240,45,1,778408,'Центральный','Средний',1,3,'Собственное',8,9,9,'','','1','','','1','1'),(241,23,1,762385,'Центральный','Средний',0,1,'Съемное',10,13,11,'','1','1','1','1','1',''),(242,26,1,725132,'Центральный','Средний',0,2,'Собственное',7,5,9,'','1','1','1','1','1','1'),(243,31,1,863321,'Центральный','Высокий',2,5,'Собственное',12,3,6,'1','','','1','1','',''),(244,18,1,938389,'Центральный','Высокий',2,5,'Собственное',2,6,3,'1','','','','1','1',''),(245,60,1,550048,'Центральный','Средний',0,2,'Собственное',9,2,9,'','','','','','1','1'),(246,68,0,669572,'Центральный','Средний',0,2,'Съемное',2,12,9,'1','1','1','','','','1'),(247,18,0,472971,'Центральный','Средний',1,4,'Собственное',7,6,9,'','','','1','','',''),(248,65,1,175199,'Центральный','Средний',0,2,'Съемное',10,8,3,'','1','','1','','','1'),(249,41,1,222434,'Центральный','Высокий',2,5,'Собственное',9,13,4,'1','1','','1','1','','1'),(250,65,0,488244,'Центральный','Средний',0,2,'Съемное',8,15,11,'1','1','','','','',''),(251,58,0,656963,'Центральный','Высокий',0,2,'Собственное',1,14,8,'1','1','','','1','1','1'),(252,59,0,440443,'Центральный','Средний',0,2,'Собственное',15,4,3,'','','1','1','1','1','1'),(253,60,0,907988,'Центральный','Средний',0,2,'Собственное',14,13,13,'','1','1','','','1','1'),(254,70,1,167362,'Центральный','Средний',0,2,'Собственное',9,4,8,'','1','','','1','1',''),(255,73,0,764027,'Центральный','Средний',0,2,'Съемное',15,4,5,'1','1','','','1','1',''),(256,70,0,402866,'Центральный','Высокий',0,2,'Собственное',4,2,11,'1','','','1','1','1','1'),(257,66,1,316196,'Центральный','Средний',0,1,'Собственное',2,14,13,'1','','','1','1','','1'),(258,41,1,309752,'Центральный','Высокий',0,2,'Собственное',1,3,7,'','','','','','','1'),(259,62,0,829195,'Центральный','Средний',0,2,'Съемное',2,10,11,'1','','','1','','',''),(260,46,1,297605,'Центральный','Высокий',1,3,'Собственное',5,6,13,'','1','','','','1',''),(261,38,1,250058,'Центральный','Средний',0,2,'Собственное',15,7,15,'1','1','1','','','',''),(262,55,1,239542,'Центральный','Средний',0,2,'Съемное',12,7,9,'','1','1','1','1','1',''),(263,66,1,309106,'Центральный','Средний',0,2,'Съемное',14,14,15,'','1','','1','1','1','1'),(264,21,1,597930,'Центральный','Средний',0,1,'Собственное',3,8,2,'1','','','1','1','','1'),(265,46,0,711486,'Центральный','Средний',2,4,'Съемное',8,11,3,'','','','1','1','1',''),(266,34,1,388206,'Центральный','Средний',1,3,'Съемное',5,7,9,'1','','1','1','','',''),(267,21,1,656322,'Центральный','Средний',1,4,'Съемное',2,6,7,'1','','','','1','1','1'),(268,28,0,342257,'Центральный','Средний',0,1,'Собственное',1,11,9,'1','1','1','','1','',''),(269,69,0,244299,'Центральный','Высокий',0,2,'Собственное',6,6,12,'1','1','','','','1','1'),(270,55,1,687737,'Центральный','Средний',0,2,'Собственное',7,6,5,'','1','1','1','','',''),(271,67,0,421020,'Центральный','Высокий',0,2,'Собственное',13,5,14,'1','1','','1','1','1','1'),(272,18,1,185409,'Центральный','Средний',0,2,'Собственное',11,15,15,'1','1','','1','','',''),(273,59,0,170749,'Центральный','Средний',0,2,'Съемное',4,6,14,'','1','1','','','1',''),(274,63,0,175524,'Центральный','Высокий',0,2,'Собственное',7,11,13,'1','1','','','','1',''),(275,50,1,677762,'Центральный','Средний',0,2,'Съемное',15,1,4,'1','','1','','1','',''),(276,61,0,325252,'Центральный','Средний',0,1,'Собственное',15,11,2,'1','','','1','1','','1'),(277,55,0,379354,'Центральный','Высокий',0,2,'Собственное',8,9,2,'','','1','1','','1',''),(278,54,0,400483,'Центральный','Средний',0,2,'Съемное',4,1,9,'','','','','','1','1'),(279,74,0,948585,'Центральный','Средний',0,1,'Съемное',3,6,13,'','1','1','','1','1',''),(280,70,0,758093,'Центральный','Средний',0,1,'Съемное',1,12,10,'1','1','','','1','',''),(281,56,1,838329,'Центральный','Высокий',0,2,'Собственное',2,3,8,'1','1','','','1','','1'),(282,71,1,736468,'Центральный','Средний',0,2,'Собственное',10,9,2,'1','1','1','','','','1'),(283,25,1,678119,'Центральный','Средний',0,2,'Собственное',8,2,9,'','1','','1','','1',''),(284,49,1,889552,'Центральный','Высокий',2,5,'Собственное',7,13,9,'1','1','','','1','1','1'),(285,66,1,161095,'Центральный','Средний',0,2,'Собственное',12,2,5,'','','','','','','1'),(286,21,1,468852,'Центральный','Средний',2,5,'Съемное',7,12,3,'','1','1','','','',''),(287,57,0,902679,'Центральный','Средний',0,1,'Собственное',13,9,3,'1','1','1','1','','','1'),(288,75,0,215464,'Центральный','Высокий',0,2,'Собственное',1,10,11,'1','1','1','','1','','1'),(289,67,1,267914,'Центральный','Средний',0,2,'Собственное',5,5,5,'1','1','1','','1','',''),(290,51,1,800825,'Центральный','Средний',0,2,'Съемное',12,12,4,'1','1','','1','','','1'),(291,40,0,763389,'Центральный','Высокий',2,5,'Собственное',5,8,14,'','','1','1','','','1'),(292,43,0,977853,'Центральный','Средний',2,4,'Собственное',5,6,2,'','','','1','1','','1'),(293,27,1,428829,'Центральный','Высокий',1,4,'Собственное',10,15,7,'1','1','','1','','1','1'),(294,75,0,909367,'Железнодорожный','Средний',0,2,'Съемное',14,5,13,'1','','1','1','1','1',''),(295,31,1,289951,'Центральный','Высокий',0,2,'Собственное',3,2,11,'','','','1','','1','1'),(296,61,0,181760,'Ленинский','Средний',0,1,'Собственное',9,4,5,'','','1','','1','','1'),(297,20,1,108689,'Коминтерновский','Средний',2,4,'Съемное',9,1,13,'1','1','','1','','',''),(298,73,1,929304,'Железнодорожный','Средний',0,2,'Собственное',1,10,11,'1','','1','1','','',''),(299,54,1,802286,'Советский','Средний',0,2,'Съемное',4,6,11,'','1','1','1','1','','1'),(300,73,1,287454,'Левобережный','Средний',0,1,'Съемное',13,15,10,'','1','1','1','1','1','1'),(301,35,0,295494,'Советский','Средний',0,1,'Съемное',3,14,13,'','','1','1','1','','1'),(302,60,1,134436,'Железнодорожный','Низкий',0,2,'Собственное',7,6,7,'','1','1','','','',''),(303,25,0,889223,'Левобережный','Средний',1,4,'Собственное',3,12,7,'1','','','1','','1','1'),(304,30,1,953088,'Коминтерновский','Низкий',0,2,'Собственное',13,9,7,'','','','','1','',''),(305,53,1,360877,'Ленинский','Средний',0,1,'Съемное',5,1,6,'1','','1','1','','1',''),(306,25,0,799490,'Советский','Средний',2,4,'Съемное',12,5,14,'','','1','','','1','1'),(307,72,1,673813,'Центральный','Средний',0,2,'Съемное',3,10,2,'1','','1','','1','',''),(308,70,1,529813,'Железнодорожный','Низкий',0,2,'Собственное',2,3,8,'','','1','1','','','1'),(309,66,1,748896,'Левобережный','Средний',0,2,'Собственное',12,7,4,'','','','','','1','1'),(310,68,1,579015,'Советский','Средний',0,1,'Съемное',4,7,4,'1','1','1','1','','1',''),(311,23,1,477362,'Советский','Средний',0,2,'Собственное',6,9,11,'1','','','','1','1',''),(312,73,1,302218,'Левобережный','Средний',0,1,'Съемное',7,12,9,'1','','1','','','','1'),(313,69,1,119510,'Ленинский','Низкий',0,1,'Собственное',1,14,4,'','','','1','1','1','1'),(314,68,0,569433,'Коминтерновский','Средний',0,2,'Собственное',9,5,6,'1','','','1','','','1'),(315,58,0,484336,'Ленинский','Средний',0,2,'Собственное',3,15,11,'','1','1','','','',''),(316,63,1,765727,'Левобережный','Средний',0,2,'Съемное',8,11,13,'','1','1','','','',''),(317,48,1,338174,'Ленинский','Низкий',0,2,'Собственное',13,1,14,'','1','1','','','1','1'),(318,73,1,500621,'Центральный','Средний',0,2,'Съемное',14,9,2,'','1','','','','',''),(319,40,0,159331,'Коминтерновский','Низкий',0,2,'Съемное',9,5,2,'1','','1','1','','','1'),(320,68,1,291205,'Советский','Средний',0,2,'Собственное',6,6,15,'','','1','','','',''),(321,62,0,699586,'Центральный','Высокий',0,2,'Собственное',15,11,6,'','1','','1','','1','1'),(322,48,0,703635,'Ленинский','Средний',1,3,'Съемное',15,3,12,'','','1','','','1',''),(323,22,1,728973,'Коминтерновский','Низкий',2,4,'Съемное',10,7,4,'','1','1','1','1','1','1'),(324,65,0,368154,'Железнодорожный','Средний',0,2,'Собственное',9,6,14,'1','1','','1','','','1'),(325,18,1,658782,'Коминтерновский','Средний',0,2,'Собственное',2,5,6,'','','','1','1','1',''),(326,61,0,422953,'Советский','Средний',0,2,'Собственное',11,1,13,'1','1','1','','','1',''),(327,20,1,313464,'Советский','Средний',0,1,'Съемное',3,1,4,'1','','1','1','1','1',''),(328,70,1,586052,'Ленинский','Средний',0,2,'Собственное',7,7,4,'','1','','1','1','1',''),(329,33,1,421522,'Коминтерновский','Средний',1,3,'Собственное',1,13,3,'','','','','','',''),(330,40,1,844907,'Центральный','Средний',0,1,'Съемное',2,5,10,'1','1','','','','1','1'),(331,70,1,736422,'Железнодорожный','Низкий',0,1,'Собственное',9,9,7,'1','','1','','','1','1'),(332,29,0,774173,'Железнодорожный','Средний',2,5,'Собственное',15,9,4,'1','1','1','1','1','1',''),(333,46,1,222858,'Ленинский','Низкий',1,4,'Собственное',6,7,2,'','1','1','1','','1',''),(334,41,0,676320,'Левобережный','Низкий',0,1,'Собственное',12,9,5,'','1','','','','1','1'),(335,56,1,589746,'Железнодорожный','Низкий',0,1,'Собственное',7,10,14,'1','','','1','1','','1'),(336,52,0,907030,'Коминтерновский','Средний',0,2,'Собственное',8,6,13,'1','','1','1','','1',''),(337,72,0,613256,'Левобережный','Средний',0,1,'Съемное',11,15,5,'','1','','','1','','1'),(338,39,0,920820,'Советский','Средний',2,4,'Съемное',9,4,10,'1','1','1','','1','1',''),(339,29,0,394471,'Левобережный','Средний',0,1,'Съемное',2,15,10,'1','1','1','','','1','1'),(340,41,1,481099,'Коминтерновский','Средний',2,4,'Собственное',4,14,2,'','','1','','','1','1'),(341,35,0,429856,'Ленинский','Средний',2,5,'Съемное',10,4,2,'1','','','','1','','1'),(342,27,1,651983,'Левобережный','Низкий',0,2,'Собственное',5,7,6,'1','','','','1','','1'),(343,30,1,273789,'Ленинский','Средний',0,2,'Съемное',2,14,5,'','1','','','1','',''),(344,52,0,388681,'Центральный','Средний',0,1,'Собственное',4,9,15,'1','1','','','1','1','1'),(345,36,1,476229,'Левобережный','Средний',1,3,'Собственное',3,5,11,'','','1','','1','',''),(346,19,1,457974,'Советский','Средний',1,4,'Съемное',11,2,9,'','','','1','1','1',''),(347,71,0,587312,'Железнодорожный','Средний',0,2,'Собственное',3,11,10,'1','','1','1','','1',''),(348,41,0,737161,'Левобережный','Средний',1,3,'Собственное',1,2,2,'','1','1','','','',''),(349,73,0,627519,'Левобережный','Средний',0,1,'Собственное',6,5,4,'','1','1','1','1','1','1'),(350,19,1,801300,'Коминтерновский','Низкий',0,2,'Съемное',4,2,8,'','','1','','1','1','1'),(351,70,1,761393,'Советский','Средний',0,1,'Съемное',6,9,4,'','1','1','1','1','','1'),(352,43,1,211952,'Левобережный','Средний',1,3,'Съемное',15,8,7,'','1','','','','','1'),(353,18,1,854267,'Коминтерновский','Средний',0,2,'Собственное',13,8,3,'1','','','','','','1'),(354,25,0,795658,'Железнодорожный','Низкий',2,4,'Съемное',7,4,10,'1','','','1','1','1','1'),(355,49,0,374596,'Советский','Низкий',0,2,'Съемное',5,4,9,'','','1','','','1','1'),(356,46,0,962038,'Коминтерновский','Средний',0,2,'Собственное',14,14,10,'','','1','1','','','1'),(357,19,1,258476,'Центральный','Высокий',2,4,'Собственное',7,13,9,'','','','1','','',''),(358,20,1,546008,'Центральный','Средний',1,3,'Собственное',5,1,1,'','','1','1','1','',''),(359,42,0,513808,'Ленинский','Средний',0,2,'Собственное',4,7,9,'','1','','','','',''),(360,65,1,772469,'Левобережный','Низкий',0,2,'Съемное',5,13,9,'1','1','1','1','','','1'),(361,31,1,405446,'Советский','Средний',2,4,'Съемное',3,13,2,'1','','','1','','1',''),(362,32,0,402560,'Коминтерновский','Средний',1,2,'Собственное',6,9,12,'','','','','','1',''),(363,53,0,909891,'Железнодорожный','Средний',0,2,'Собственное',11,10,13,'','','','','1','1','1'),(364,54,0,629281,'Центральный','Средний',0,2,'Собственное',2,15,5,'1','1','1','1','1','','1'),(365,37,1,660470,'Советский','Средний',0,1,'Съемное',6,2,1,'1','','','1','1','1','1'),(366,40,1,269930,'Левобережный','Средний',1,3,'Собственное',13,10,15,'','','','','1','1','1'),(367,66,0,376802,'Железнодорожный','Низкий',0,2,'Съемное',15,6,4,'','','','1','1','1',''),(368,31,1,429859,'Советский','Средний',0,2,'Съемное',13,14,7,'','1','1','','1','','1'),(369,75,0,543354,'Левобережный','Средний',0,2,'Съемное',10,3,8,'1','','1','','','1',''),(370,70,1,994796,'Советский','Средний',0,1,'Собственное',6,8,3,'','1','1','1','','',''),(371,53,1,566696,'Коминтерновский','Средний',0,2,'Съемное',15,14,8,'1','1','1','','1','','1'),(372,37,0,898199,'Железнодорожный','Средний',0,1,'Собственное',4,9,15,'1','1','','1','','1',''),(373,22,0,860712,'Ленинский','Средний',0,1,'Собственное',1,7,4,'','1','1','1','','','1'),(374,54,1,978815,'Ленинский','Низкий',0,2,'Собственное',8,2,7,'1','1','1','','','',''),(375,37,1,387505,'Левобережный','Средний',0,2,'Собственное',14,4,2,'1','','1','','1','1',''),(376,43,0,250391,'Железнодорожный','Средний',0,1,'Съемное',14,13,10,'1','','1','1','1','',''),(377,24,0,948500,'Советский','Средний',2,5,'Съемное',14,3,8,'','1','1','1','1','','1'),(378,51,0,562304,'Ленинский','Средний',0,2,'Съемное',8,10,13,'','1','1','','1','',''),(379,59,1,841132,'Левобережный','Средний',0,1,'Съемное',15,7,13,'','','1','','','',''),(380,25,0,162616,'Железнодорожный','Средний',0,1,'Съемное',4,9,3,'','','1','1','1','','1'),(381,58,1,165742,'Ленинский','Средний',0,2,'Собственное',2,15,4,'1','1','1','1','','',''),(382,31,0,112510,'Советский','Средний',0,1,'Съемное',6,13,8,'1','1','','1','','1',''),(383,38,0,786015,'Центральный','Средний',0,1,'Собственное',9,11,5,'','1','','','','','1'),(384,57,0,300611,'Центральный','Средний',0,2,'Съемное',14,2,6,'1','1','','','','1','1'),(385,59,1,545242,'Центральный','Средний',0,1,'Съемное',6,1,4,'','1','','1','1','',''),(386,62,0,724417,'Центральный','Средний',0,2,'Собственное',11,7,3,'1','','1','','1','1',''),(387,57,1,196613,'Центральный','Высокий',0,1,'Собственное',4,4,8,'','1','','1','1','',''),(388,65,1,729000,'Железнодорожный','Средний',0,2,'Собственное',6,7,2,'','1','1','1','','','1'),(389,38,1,971834,'Центральный','Средний',2,4,'Съемное',14,14,2,'1','','1','','1','1','1'),(390,22,0,930071,'Ленинский','Низкий',1,3,'Съемное',11,7,13,'','1','','','1','',''),(391,38,0,516229,'Коминтерновский','Средний',2,5,'Собственное',15,10,4,'1','','1','1','1','',''),(392,44,0,924251,'Железнодорожный','',0,2,'Собственное',15,6,10,'1','','1','','1','1','1'),(393,64,0,273064,'Советский','Низкий',0,1,'Съемное',1,13,8,'1','1','1','','','',''),(394,32,0,903719,'Левобережный','Низкий',0,1,'Съемное',13,3,15,'','','1','','1','',''),(395,69,0,641352,'Советский','Низкий',0,2,'Собственное',5,9,9,'','1','1','','','1',''),(396,49,1,141841,'Железнодорожный','Низкий',0,2,'Собственное',12,15,3,'','1','1','1','1','1',''),(397,60,0,543800,'Левобережный','Низкий',0,2,'Собственное',7,2,10,'1','1','1','1','1','1',''),(398,18,0,783296,'Коминтерновский','Средний',0,2,'Собственное',7,5,11,'1','1','','1','1','',''),(399,61,1,852145,'Ленинский','Средний',0,2,'Съемное',3,2,2,'','1','1','','','','1'),(400,33,0,633730,'Советский','Средний',2,5,'Собственное',4,7,8,'','','','1','1','',''),(401,34,1,227573,'Центральный','Средний',0,1,'Собственное',10,6,7,'1','1','','','1','1',''),(402,25,1,744623,'Железнодорожный','Средний',2,5,'Съемное',5,7,13,'','1','','1','1','','1'),(403,23,1,969641,'Левобережный','Средний',0,2,'Съемное',10,9,2,'1','1','1','','1','',''),(404,18,1,443402,'Советский','Средний',2,5,'Собственное',10,4,10,'1','1','','1','','',''),(405,44,1,128101,'Советский','Низкий',0,2,'Собственное',3,14,5,'','','1','','','',''),(406,46,1,755852,'Левобережный','Средний',1,3,'Собственное',8,1,9,'','1','','1','','1',''),(407,70,0,688463,'Ленинский','Низкий',0,2,'Собственное',6,13,6,'1','1','','','','1',''),(408,40,1,166429,'Коминтерновский','',0,2,'Съемное',10,2,13,'1','1','1','','1','',''),(409,55,0,896040,'Ленинский','Низкий',0,2,'Съемное',8,11,11,'1','1','','1','','',''),(410,22,1,328076,'Левобережный','Средний',1,4,'Собственное',10,1,9,'1','','','','1','',''),(411,43,1,852913,'Ленинский','Средний',0,2,'Собственное',9,1,8,'1','','','1','','','1'),(412,30,1,225338,'Центральный','Средний',0,2,'Собственное',9,5,5,'1','1','','1','','1',''),(413,35,0,890112,'Коминтерновский','Средний',0,2,'Съемное',11,8,12,'1','1','1','1','','',''),(414,61,0,150227,'Советский','Низкий',0,1,'Съемное',10,1,13,'','1','','','','1','1'),(415,33,1,455474,'Центральный','Средний',0,2,'Собственное',13,13,13,'','','1','','','1',''),(416,23,1,288985,'Ленинский','Средний',0,1,'Собственное',15,7,15,'','1','1','','1','1','1'),(417,70,1,401414,'Коминтерновский','Средний',0,2,'Собственное',3,2,6,'1','1','','','1','',''),(418,18,1,985060,'Железнодорожный','Средний',0,2,'Собственное',4,15,13,'1','1','','','','','1'),(419,72,1,296008,'Коминтерновский','Средний',0,2,'Съемное',3,5,14,'1','1','','','','1','1'),(420,25,1,316815,'Советский','Средний',2,5,'Собственное',14,4,7,'1','','','','1','',''),(421,65,1,389754,'Советский','Средний',0,2,'Собственное',11,3,5,'','1','1','1','','1','1'),(422,48,1,276070,'Ленинский','Низкий',1,3,'Съемное',9,9,5,'','1','','','','','1'),(423,51,0,176732,'Коминтерновский','Средний',0,2,'Собственное',4,2,1,'','','1','1','','','1'),(424,63,0,269556,'Центральный','Средний',0,2,'Собственное',3,15,1,'1','1','1','1','1','1',''),(425,57,1,938232,'Железнодорожный','Средний',0,2,'Съемное',3,1,11,'1','','','1','','','1'),(426,74,1,480804,'Железнодорожный','Средний',0,2,'Съемное',13,3,12,'1','1','','1','','1',''),(427,46,0,906441,'Ленинский','Средний',2,5,'Съемное',9,12,9,'','1','','','1','1',''),(428,45,1,509002,'Левобережный','Средний',0,1,'Собственное',4,6,7,'1','','1','','','',''),(429,30,1,954916,'Железнодорожный','Средний',1,3,'Съемное',15,11,14,'1','1','1','','','1',''),(430,35,0,988336,'Коминтерновский','Средний',2,5,'Съемное',6,9,6,'','','1','1','1','','1'),(431,57,1,419369,'Левобережный','Средний',0,2,'Съемное',13,12,15,'','1','1','1','1','',''),(432,50,0,867348,'Советский','Низкий',0,2,'Съемное',7,9,12,'1','','','1','','1','1'),(433,54,0,433623,'Левобережный','Средний',0,1,'Съемное',1,14,4,'1','','','','1','',''),(434,58,0,573592,'Коминтерновский','Средний',0,2,'Съемное',1,13,5,'1','','','1','1','1','1'),(435,55,0,707633,'Ленинский','Средний',0,2,'Съемное',3,2,1,'','','','','','','1'),(436,75,0,783559,'Левобережный','Средний',0,2,'Собственное',8,9,15,'1','1','1','1','','','1'),(437,75,0,741513,'Ленинский','Средний',0,2,'Съемное',10,4,15,'','','1','1','','1',''),(438,69,1,844478,'Центральный','Средний',0,1,'Собственное',2,3,9,'','1','','','1','','1'),(439,70,1,536572,'Левобережный','Средний',0,1,'Съемное',15,5,13,'1','1','','1','1','1','1'),(440,18,1,402977,'Советский','Средний',0,1,'Съемное',10,8,9,'','1','1','','','','1'),(441,53,1,423323,'Железнодорожный','Средний',0,2,'Съемное',8,4,8,'1','','','','1','1','1'),(442,51,1,596258,'Левобережный','Средний',0,2,'Собственное',11,4,11,'','','','','1','',''),(443,69,0,286901,'Левобережный','Средний',0,2,'Собственное',9,13,1,'1','','1','','','1',''),(444,54,0,494535,'Коминтерновский','Низкий',0,2,'Собственное',12,15,15,'1','','1','1','','','1'),(445,64,1,368535,'Советский','Низкий',0,1,'Съемное',5,7,12,'1','1','1','','1','1',''),(446,28,1,615640,'Левобережный','Средний',1,3,'Собственное',10,10,9,'','1','','1','1','1',''),(447,51,0,527759,'Коминтерновский','Низкий',0,2,'Собственное',8,12,14,'1','','','1','','1',''),(448,24,0,355313,'Железнодорожный','Средний',1,3,'Съемное',1,15,5,'','','','1','1','',''),(449,54,1,763903,'Советский','Средний',0,2,'Съемное',1,11,13,'','','','','','','1'),(450,50,0,220499,'Коминтерновский','Низкий',0,2,'Собственное',3,8,6,'','','','1','1','1','1'),(451,26,1,881388,'Центральный','Средний',0,2,'Собственное',9,8,14,'','1','1','1','','','1'),(452,22,0,901879,'Центральный','Высокий',0,2,'Собственное',7,3,11,'','1','','1','1','1',''),(453,28,1,426648,'Ленинский','Средний',2,5,'Съемное',11,10,8,'','1','1','','','1','1'),(454,49,1,135364,'Левобережный','Средний',2,4,'Собственное',10,8,3,'','','','1','','1','1'),(455,30,0,427681,'Советский','Средний',2,5,'Съемное',13,15,3,'','1','','1','1','','1'),(456,41,1,681374,'Коминтерновский','Средний',0,2,'Собственное',12,7,11,'','1','','','1','',''),(457,45,0,241921,'Железнодорожный','Средний',2,4,'Собственное',6,12,14,'','','1','1','1','1','1'),(458,30,1,580940,'Центральный','Средний',1,4,'Собственное',15,10,14,'1','1','','','1','1','1'),(459,49,1,298103,'Советский','Низкий',0,2,'Съемное',9,6,13,'','1','1','','1','1','1'),(460,63,1,663423,'Левобережный','Средний',0,2,'Собственное',4,15,8,'1','1','','','1','',''),(461,20,1,376585,'Железнодорожный','Средний',2,5,'Собственное',2,6,6,'1','','1','1','','',''),(462,57,0,124034,'Советский','Средний',0,2,'Собственное',10,15,4,'','','1','1','','1','1'),(463,54,0,461784,'Левобережный','Низкий',0,2,'Собственное',13,6,12,'','','1','1','1','1','1'),(464,75,1,468426,'Советский','Низкий',0,2,'Съемное',14,6,1,'1','1','1','','','1','1'),(465,22,1,578675,'Коминтерновский','Низкий',1,3,'Собственное',1,11,8,'1','1','','','','1','1'),(466,23,0,563010,'Железнодорожный','Средний',1,3,'Собственное',3,8,11,'1','1','1','','','','1'),(467,21,0,860668,'Ленинский','Низкий',0,2,'Собственное',2,13,9,'','1','1','','1','','1'),(468,62,0,222632,'Ленинский','Средний',0,2,'Съемное',8,14,7,'','1','','','','',''),(469,41,0,778181,'Левобережный','Средний',0,2,'Собственное',13,10,9,'1','','','','','','1'),(470,41,0,324889,'Железнодорожный','Низкий',0,2,'Собственное',11,9,9,'1','1','','','1','','1'),(471,25,0,582499,'Советский','Низкий',2,5,'Съемное',10,3,4,'','1','1','1','1','','1'),(472,26,1,528690,'Ленинский','Низкий',0,1,'Съемное',12,6,13,'','','1','1','','1',''),(473,75,1,142661,'Левобережный','Средний',0,1,'Собственное',7,7,2,'','1','1','','','1','1'),(474,39,1,344195,'Железнодорожный','Средний',2,5,'Собственное',8,1,9,'1','1','','1','1','1',''),(475,40,0,149291,'Ленинский','Средний',2,5,'Съемное',12,1,14,'','','','','','',''),(476,63,1,348658,'Советский','Низкий',0,2,'Собственное',2,2,9,'1','','','','1','1','1'),(477,42,0,578921,'Центральный','Средний',2,4,'Собственное',6,6,5,'','','1','1','1','','1'),(478,20,1,959076,'Центральный','Средний',1,3,'Съемное',11,3,12,'','1','','1','1','','1'),(479,53,0,715353,'Центральный','Высокий',0,2,'Собственное',10,6,10,'1','1','1','','','',''),(480,49,0,639260,'Центральный','Средний',0,2,'Собственное',11,1,11,'','','1','1','','1',''),(481,56,0,458494,'Центральный','Средний',0,1,'Съемное',12,6,10,'1','','','','1','',''),(482,51,0,348691,'Железнодорожный','Средний',0,2,'Собственное',14,1,11,'1','','','1','1','',''),(483,34,0,317654,'Центральный','Высокий',2,5,'Собственное',6,9,8,'1','','1','1','','1','1'),(484,65,0,167861,'Ленинский','Низкий',0,2,'Собственное',1,5,4,'1','','','','','','1'),(485,34,0,800546,'Коминтерновский','Низкий',2,5,'Собственное',2,5,6,'1','1','','1','1','','1'),(486,49,0,107213,'Железнодорожный','Низкий',0,2,'Съемное',6,2,4,'1','1','1','1','','','1'),(487,70,1,907282,'Советский','Средний',0,2,'Собственное',15,11,12,'1','','','','1','1','1'),(488,42,0,449659,'Левобережный','Низкий',1,3,'Собственное',3,3,5,'','1','1','1','1','1','1'),(489,72,1,915487,'Советский','Низкий',0,2,'Съемное',15,2,6,'1','1','','1','1','1',''),(490,64,1,780556,'Железнодорожный','Низкий',0,2,'Собственное',3,6,14,'','1','1','1','1','',''),(491,24,0,621684,'Левобережный','Средний',0,2,'Съемное',3,5,12,'','1','1','','1','1',''),(492,24,0,776909,'Коминтерновский','Средний',0,2,'Съемное',10,3,13,'','','','1','','','1'),(493,56,1,859594,'Ленинский','Средний',0,1,'Съемное',11,10,6,'1','1','','','1','',''),(494,45,1,422442,'Советский','Средний',2,4,'Съемное',8,10,3,'1','','','1','','','1'),(495,29,0,768402,'Центральный','Средний',0,2,'Съемное',7,15,8,'1','','1','1','1','1','1'),(496,71,1,686897,'Железнодорожный','Средний',0,1,'Съемное',12,11,4,'1','','','1','','1',''),(497,73,1,768287,'Левобережный','Средний',0,2,'Съемное',3,10,13,'','1','','1','1','','1'),(498,57,0,811060,'Советский','Средний',0,2,'Съемное',13,11,8,'1','','1','1','1','','1'),(499,47,1,919205,'Советский','Средний',0,2,'Собственное',3,14,6,'1','1','','','','','1'),(500,21,1,416174,'Левобережный','Средний',0,2,'Собственное',12,14,8,'1','','1','1','','',''),(501,61,0,356304,'Ленинский','Средний',0,2,'Съемное',1,15,6,'1','1','','1','1','','1'),(502,72,0,749471,'Коминтерновский','Низкий',0,2,'Собственное',4,14,7,'','','1','1','1','','1'),(503,68,1,505006,'Ленинский','Низкий',0,2,'Собственное',11,8,10,'1','1','1','1','','','1'),(504,42,0,856779,'Левобережный','Средний',0,1,'Собственное',6,6,15,'','1','1','1','','','1'),(505,58,1,516973,'Ленинский','Средний',0,2,'Собственное',10,1,15,'','','1','1','','','1'),(506,37,0,374997,'Центральный','Высокий',0,2,'Собственное',15,13,12,'1','','1','1','','',''),(507,42,1,258484,'Коминтерновский','Средний',2,4,'Съемное',6,2,7,'','','1','1','1','1',''),(508,55,0,465991,'Советский','Низкий',0,2,'Собственное',11,3,13,'1','1','1','1','1','1','1'),(509,73,1,818539,'Центральный','Средний',0,2,'Съемное',10,14,5,'1','','','1','','1','1'),(510,30,0,911304,'Ленинский','Средний',0,2,'Собственное',15,14,7,'','','1','','','',''),(511,42,0,790550,'Коминтерновский','Средний',0,2,'Съемное',1,12,4,'','1','','1','1','1',''),(512,72,1,651869,'Железнодорожный','Низкий',0,2,'Съемное',12,9,6,'','1','1','','','',''),(513,69,1,414180,'Коминтерновский','Средний',0,2,'Съемное',14,5,14,'','1','','1','','1',''),(514,62,0,104115,'Советский','Средний',0,2,'Собственное',15,2,8,'1','1','','','','','1'),(515,41,0,534158,'Советский','Средний',2,4,'Съемное',14,10,14,'','','','1','1','1',''),(516,25,0,546103,'Ленинский','Средний',1,4,'Собственное',10,6,13,'1','','','','1','1','1'),(517,73,0,365977,'Коминтерновский','Средний',0,1,'Съемное',10,10,11,'1','1','','1','','','1'),(518,31,0,268881,'Центральный','Средний',0,2,'Собственное',9,15,14,'','','1','1','','1','1'),(519,27,1,456471,'Железнодорожный','Средний',0,1,'Собственное',6,7,2,'','','','1','1','',''),(520,37,1,918159,'Железнодорожный','Средний',1,3,'Собственное',1,7,4,'','','1','','1','1','1'),(521,59,0,898367,'Ленинский','Средний',0,1,'Съемное',1,7,11,'1','1','','1','','1',''),(522,24,1,226395,'Левобережный','Низкий',2,5,'Съемное',4,12,10,'1','1','','','','1','1'),(523,26,0,294370,'Железнодорожный','Высокий',0,1,'Собственное',14,4,2,'','','1','1','1','','1'),(524,61,0,915499,'Коминтерновский','Низкий',0,2,'Съемное',7,11,3,'1','','1','','','','1'),(525,64,1,854055,'Левобережный','Средний',0,2,'Собственное',15,3,13,'','','','1','','1',''),(526,49,0,670663,'Советский','Средний',2,4,'Съемное',8,5,2,'1','1','1','','','','1'),(527,45,0,523239,'Левобережный','Средний',1,3,'Собственное',4,5,14,'','','1','','1','',''),(528,34,0,449618,'Коминтерновский','Низкий',0,2,'Собственное',14,12,3,'1','1','1','','1','',''),(529,56,0,655614,'Ленинский','Высокий',0,1,'Собственное',2,3,1,'1','1','','','','','1'),(530,28,0,690520,'Левобережный','Средний',2,5,'Съемное',14,1,14,'','1','','','','','1'),(531,39,1,372671,'Ленинский','Низкий',1,3,'Съемное',10,12,15,'1','1','','','1','1','1'),(532,20,1,282275,'Центральный','Средний',1,3,'Собственное',11,6,15,'1','','','1','1','','1'),(533,31,0,716372,'Левобережный','Высокий',0,2,'Собственное',4,10,5,'','1','','1','1','1',''),(534,25,0,792861,'Советский','Низкий',0,1,'Собственное',7,1,11,'1','','1','1','1','1',''),(535,51,0,743890,'Железнодорожный','Высокий',0,2,'Собственное',12,14,12,'','','','','','','1'),(536,55,0,584757,'Левобережный','Низкий',0,2,'Съемное',7,7,13,'','1','1','1','','1','1'),(537,18,0,600279,'Левобережный','Средний',0,1,'Съемное',13,6,14,'','','1','1','','1',''),(538,42,0,716986,'Коминтерновский','Высокий',0,2,'Собственное',10,9,2,'1','1','','1','','','1'),(539,22,0,821403,'Советский','Средний',2,5,'Собственное',12,10,4,'1','','','1','1','1','1'),(540,38,0,994125,'Левобережный','Низкий',1,3,'Съемное',5,12,2,'1','','','','1','',''),(541,26,0,243732,'Коминтерновский','Средний',0,2,'Съемное',12,4,8,'1','','1','1','1','1','1'),(542,68,0,843659,'Железнодорожный','Высокий',0,2,'Собственное',5,14,11,'','','','1','','1',''),(543,50,0,256371,'Советский','Средний',0,1,'Собственное',12,15,14,'','1','','1','','1','1'),(544,71,0,522638,'Коминтерновский','Высокий',0,1,'Собственное',15,10,14,'','1','','1','1','1','1'),(545,20,0,654514,'Центральный','Средний',0,2,'Съемное',11,12,13,'','1','1','','','',''),(546,26,0,718405,'Центральный','Средний',1,3,'Собственное',10,3,14,'1','1','','1','','1',''),(547,23,0,130635,'Ленинский','Низкий',0,2,'Собственное',10,6,9,'1','','','','','',''),(548,60,0,488425,'Левобережный','Высокий',0,2,'Собственное',10,12,11,'','','1','','','1',''),(549,43,0,496441,'Советский','Низкий',1,4,'Собственное',12,10,5,'','1','','1','1','','1'),(550,65,0,425695,'Коминтерновский','Низкий',0,2,'Собственное',4,8,8,'','1','1','1','','',''),(551,44,0,212528,'Железнодорожный','Низкий',0,2,'Собственное',3,14,3,'1','1','','','','1',''),(552,47,0,889069,'Центральный','Средний',0,2,'Съемное',15,10,7,'1','1','1','','1','1','1'),(553,53,0,386425,'Советский','Низкий',0,1,'Собственное',14,13,7,'','','','','','1',''),(554,23,0,999249,'Левобережный','Низкий',0,2,'Съемное',6,11,15,'','1','1','','','','1'),(555,56,0,830997,'Железнодорожный','Низкий',0,2,'Съемное',15,14,15,'','','1','1','1','1',''),(556,61,0,654251,'Советский','Средний',0,2,'Съемное',15,10,11,'','','','','','1','1'),(557,51,0,543997,'Левобережный','Средний',0,1,'Съемное',3,10,8,'1','','1','1','','1','1'),(558,33,0,200469,'Советский','Низкий',0,1,'Съемное',8,5,7,'1','1','','','','1',''),(559,70,0,787280,'Коминтерновский','Средний',0,2,'Съемное',8,12,13,'1','1','1','1','','','1'),(560,34,0,737548,'Железнодорожный','Низкий',0,2,'Собственное',4,15,6,'1','','1','1','1','','1'),(561,38,0,288125,'Ленинский','Средний',0,1,'Собственное',5,1,6,'1','','1','','','1','1'),(562,32,1,758189,'Ленинский','Высокий',0,2,'Собственное',2,15,6,'1','1','','','','1',''),(563,38,1,802038,'Левобережный','Средний',1,3,'Собственное',15,11,2,'','1','','1','1','','1'),(564,57,0,739063,'Железнодорожный','Средний',0,2,'Собственное',15,15,4,'','1','1','1','','1','1'),(565,38,0,348204,'Советский','Низкий',1,3,'Съемное',9,12,10,'','','','','','','1'),(566,55,0,615872,'Ленинский','Низкий',0,2,'Собственное',4,13,3,'1','','1','','1','',''),(567,41,0,865437,'Левобережный','Средний',2,5,'Съемное',6,2,6,'','1','1','1','1','1','1'),(568,41,0,442329,'Железнодорожный','Средний',0,2,'Собственное',11,14,8,'1','1','1','1','1','1',''),(569,46,0,294851,'Ленинский','Низкий',0,1,'Собственное',10,6,9,'1','1','','1','','','1'),(570,36,1,390818,'Советский','Низкий',2,5,'Собственное',6,12,3,'1','','1','1','','1','1'),(571,39,1,593473,'Центральный','Средний',0,2,'Съемное',15,1,14,'1','1','1','','1','1',''),(572,26,0,586354,'Центральный','Средний',2,5,'Собственное',12,2,15,'','','1','1','','1',''),(573,50,0,927439,'Центральный','Средний',0,2,'Собственное',2,4,4,'','1','1','1','1','','1'),(574,37,1,771220,'Центральный','Высокий',0,1,'Собственное',1,11,5,'','1','','1','1','','1'),(575,29,1,846956,'Центральный','Высокий',2,4,'Собственное',15,6,3,'1','1','1','','1','1',''),(576,44,0,552719,'Центральный','Средний',0,2,'Собственное',2,2,9,'1','','','1','1','1',''),(577,72,1,962765,'Центральный','Высокий',0,2,'Собственное',5,6,6,'','1','','1','','1',''),(578,34,0,484390,'Центральный','Средний',2,4,'Съемное',3,3,1,'','1','1','','1','1','1'),(579,37,0,309851,'Центральный','Высокий',1,4,'Собственное',4,13,3,'1','1','1','1','1','1','1'),(580,28,0,314331,'Центральный','Средний',0,2,'Съемное',15,12,12,'1','1','','1','1','1',''),(581,29,0,523136,'Центральный','Средний',0,2,'Собственное',6,11,15,'1','1','1','','','','1'),(582,43,0,822716,'Центральный','Средний',2,5,'Съемное',5,7,15,'1','1','1','1','1','',''),(583,60,1,277181,'Центральный','Высокий',0,2,'Собственное',4,9,5,'','1','1','1','','1',''),(584,58,1,476989,'Центральный','Высокий',0,2,'Собственное',9,5,7,'','1','1','','','1','1'),(585,37,1,747062,'Центральный','Средний',1,3,'Съемное',7,5,13,'1','','','','1','1',''),(586,25,1,261409,'Центральный','Высокий',0,1,'Собственное',10,13,8,'1','1','1','','','',''),(587,20,1,267843,'Центральный','Высокий',2,4,'Собственное',7,15,9,'1','','1','','','1',''),(588,50,0,267114,'Центральный','Средний',0,2,'Съемное',4,14,13,'','','1','','','','1'),(589,71,1,367464,'Центральный','Высокий',0,2,'Собственное',12,8,3,'1','1','','1','1','',''),(590,30,1,149522,'Центральный','Высокий',0,1,'Собственное',8,4,6,'','','1','1','','','1'),(591,50,1,721262,'Центральный','Высокий',0,2,'Собственное',9,6,10,'1','','1','','1','1','1'),(592,49,1,610196,'Центральный','Средний',1,3,'Съемное',12,7,12,'','','1','','1','1','1'),(593,49,0,869743,'Центральный','Средний',1,4,'Собственное',5,12,10,'1','1','','','','1','1'),(594,42,0,763050,'Центральный','Высокий',1,3,'Собственное',11,11,2,'','','1','','','1',''),(595,49,0,892097,'Центральный','Высокий',1,3,'Собственное',2,2,12,'1','','1','1','','1',''),(596,31,0,144059,'Центральный','Высокий',2,5,'Собственное',14,11,14,'1','','','1','','',''),(597,57,0,129834,'Центральный','Высокий',0,2,'Собственное',2,6,5,'','','1','1','1','',''),(598,44,0,150845,'Центральный','Высокий',2,4,'Собственное',1,9,1,'','1','1','','1','','1'),(599,32,1,921178,'Центральный','Высокий',0,2,'Собственное',15,13,15,'','','','1','1','1','1'),(600,71,0,961764,'Центральный','Средний',0,2,'Собственное',13,1,9,'','','','','','1','1'),(601,35,1,669950,'Центральный','Средний',1,3,'Съемное',2,5,5,'1','1','','1','1','','1'),(602,19,0,746593,'Центральный','Высокий',1,3,'Собственное',9,7,2,'','','1','','','',''),(603,54,1,165999,'Центральный','Высокий',0,2,'Собственное',1,13,10,'1','','1','1','','','1'),(604,23,0,132608,'Центральный','Высокий',9,1,'Собственное',8,14,4,'','1','1','','1','1',''),(605,18,0,126377,'Центральный','Средний',0,2,'Съемное',14,1,13,'','','1','','','1',''),(606,38,1,241054,'Центральный','Высокий',0,2,'Собственное',9,8,7,'','1','','1','1','1',''),(607,28,1,106567,'Центральный','Высокий',2,4,'Собственное',5,3,4,'','','1','1','1','1','1'),(608,23,0,518729,'Центральный','Средний',0,1,'Съемное',3,5,5,'1','','1','','','1',''),(609,70,0,858401,'Центральный','Высокий',0,2,'Собственное',3,15,5,'','1','1','1','','1','1'),(610,71,0,463966,'Центральный','Высокий',0,2,'Собственное',14,11,4,'1','','1','','','1',''),(611,35,0,848992,'Центральный','Высокий',2,4,'Собственное',12,1,10,'1','','1','1','1','',''),(612,70,0,284805,'Центральный','Высокий',0,2,'Собственное',11,14,4,'1','1','','1','1','1',''),(613,28,0,477243,'Центральный','Средний',0,1,'Съемное',11,1,3,'1','','','','1','1','1'),(614,38,0,419203,'Центральный','Высокий',0,2,'Собственное',14,11,5,'1','','','','','',''),(615,35,0,279043,'Центральный','Средний',0,2,'Собственное',12,3,11,'','1','','','1','',''),(616,29,0,238571,'Центральный','Средний',0,2,'Съемное',1,12,6,'1','1','','','1','1',''),(617,47,0,516258,'Центральный','Средний',2,5,'Съемное',15,9,12,'1','','1','','1','','1'),(618,63,0,372645,'Центральный','Средний',0,2,'Съемное',12,5,11,'1','','1','1','','',''),(619,32,0,270808,'Центральный','Высокий',0,1,'Собственное',9,2,6,'','','1','1','1','1','1'),(620,35,0,230353,'Центральный','Высокий',2,5,'Собственное',11,1,15,'','1','','1','1','',''),(621,35,0,711057,'Центральный','Высокий',0,2,'Собственное',9,14,12,'1','1','','','','',''),(622,24,0,571426,'Центральный','Высокий',2,5,'Собственное',3,12,12,'1','','1','1','1','',''),(623,73,0,288349,'Центральный','Высокий',0,1,'Собственное',10,7,5,'','','','1','','1','1'),(624,21,0,173046,'Центральный','Высокий',0,2,'Собственное',12,10,7,'1','1','','1','1','1',''),(625,37,0,527117,'Центральный','Высокий',2,5,'Собственное',11,15,3,'1','1','','','1','','1'),(626,39,0,536666,'Центральный','Высокий',0,1,'Собственное',1,13,9,'','','1','','1','','1'),(627,64,0,232363,'Центральный','Средний',0,2,'Съемное',5,9,1,'1','','1','1','','1',''),(628,68,0,688621,'Центральный','Высокий',0,2,'Собственное',15,1,9,'1','','','','','1',''),(629,22,0,867506,'Центральный','Средний',1,3,'Собственное',14,6,4,'','','1','1','1','','1'),(630,28,0,338095,'Центральный','Высокий',0,1,'Собственное',8,15,15,'','1','1','1','1','','1'),(631,63,0,645112,'Центральный','Средний',0,2,'Съемное',1,1,12,'','1','1','1','1','',''),(632,44,0,141102,'Центральный','Средний',2,5,'Собственное',11,8,3,'1','','','1','','','1'),(633,55,0,142016,'Центральный','Средний',0,2,'Съемное',13,10,2,'','','','','','',''),(634,73,0,504961,'Центральный','Средний',0,2,'Съемное',9,9,6,'1','','','','','',''),(635,19,0,647804,'Центральный','Средний',2,5,'Съемное',8,13,5,'1','','1','','','1','1'),(636,62,0,143077,'Центральный','Высокий',0,1,'Собственное',7,6,10,'','1','1','1','1','1',''),(637,18,0,300187,'Центральный','Высокий',0,2,'Собственное',11,1,13,'1','','1','1','1','','1'),(638,38,0,163677,'Центральный','Средний',1,4,'Собственное',9,13,5,'1','','','1','1','1','1'),(639,54,0,606846,'Центральный','Средний',0,2,'Съемное',1,8,11,'1','','','1','','1',''),(640,36,0,486004,'Центральный','Высокий',0,1,'Собственное',6,12,2,'1','','1','1','1','',''),(641,75,0,201897,'Центральный','Высокий',0,1,'Собственное',9,14,5,'1','','','','','1','1'),(642,68,0,230454,'Центральный','Средний',0,1,'Собственное',12,11,5,'1','1','1','1','','1','1'),(643,62,0,470254,'Центральный','Высокий',0,1,'Собственное',9,6,9,'1','','','','1','1','1'),(644,52,0,109892,'Центральный','Высокий',0,2,'Собственное',7,3,3,'1','','1','','','1','1'),(645,27,0,904109,'Центральный','Высокий',1,3,'Собственное',10,10,10,'','1','1','','','',''),(646,27,0,951819,'Центральный','Высокий',0,2,'Собственное',12,14,13,'','','','1','','',''),(647,27,0,795940,'Центральный','Средний',0,2,'Съемное',9,1,10,'1','1','1','','','',''),(648,33,0,823135,'Центральный','Средний',0,2,'Съемное',10,11,2,'1','','1','','','','1'),(649,47,0,880687,'Центральный','Высокий',1,4,'Собственное',4,4,5,'','','','','1','1','1'),(650,67,0,810361,'Центральный','Средний',0,2,'Съемное',5,6,13,'','1','','1','','1','1'),(651,56,0,383232,'Центральный','Высокий',0,2,'Собственное',1,14,2,'','','','','','1',''),(652,34,0,110673,'Центральный','Высокий',0,2,'Собственное',9,13,9,'1','1','','','','1','1'),(653,24,0,924076,'Центральный','Средний',0,1,'Собственное',14,10,2,'1','','1','1','1','','1'),(654,29,0,120946,'Центральный','Высокий',0,2,'Собственное',10,13,15,'1','','1','','','1','1'),(655,48,0,541018,'Центральный','Высокий',2,4,'Собственное',4,12,14,'1','','','','','',''),(656,36,0,762044,'Центральный','Высокий',1,3,'Собственное',1,8,15,'','1','1','1','1','1','1'),(657,22,0,499743,'Центральный','Средний',1,3,'Собственное',3,5,14,'1','1','1','','','',''),(658,32,0,860480,'Центральный','Средний',2,4,'Собственное',6,10,5,'','1','','1','','',''),(659,52,0,199538,'Центральный','Высокий',0,2,'Собственное',8,15,13,'1','1','','','1','',''),(660,20,0,738163,'Центральный','Средний',1,4,'Собственное',2,10,6,'1','','1','1','1','1',''),(661,53,0,212064,'Центральный','Средний',0,2,'Съемное',12,4,3,'','','1','','','1',''),(662,34,0,930613,'Центральный','Средний',2,4,'Собственное',10,8,13,'1','','1','','1','',''),(663,58,0,642547,'Центральный','Средний',0,1,'Съемное',6,1,4,'1','1','1','','','1',''),(664,74,0,612979,'Центральный','Высокий',0,2,'Собственное',1,11,14,'1','1','','1','','',''),(665,39,0,723797,'Центральный','Средний',0,2,'Собственное',10,10,11,'1','1','1','1','1','1','1'),(666,58,0,766940,'Центральный','Средний',0,2,'Съемное',15,6,15,'','1','1','','','1',''),(667,24,0,486879,'Центральный','Средний',2,4,'Собственное',6,4,9,'1','1','','','','1','1'),(668,58,0,687971,'Центральный','Высокий',0,2,'Собственное',9,3,9,'1','','','1','1','1','1'),(669,19,0,666229,'Центральный','Высокий',0,2,'Собственное',2,3,10,'','','1','','','',''),(670,28,0,975391,'Коминтерновский','Средний',0,1,'Съемное',6,1,10,'1','','1','','','1','1'),(671,55,0,886902,'Советский','Высокий',0,2,'Собственное',9,4,13,'','1','','','','',''),(672,40,0,153940,'Левобережный','Высокий',1,3,'Собственное',14,3,12,'','1','','1','','1','1'),(673,23,0,868913,'Коминтерновский','Средний',1,3,'Собственное',6,1,3,'','1','1','','','1','1'),(674,74,0,617249,'Железнодорожный','Низкий',0,2,'Собственное',9,1,11,'','1','1','1','','','1'),(675,66,0,570976,'Советский','Низкий',0,2,'Собственное',7,6,7,'','1','1','1','','','1'),(676,61,0,748996,'Коминтерновский','Средний',0,2,'Собственное',8,13,13,'','','','','','','1'),(677,48,0,537509,'Центральный','Средний',2,5,'Собственное',1,6,12,'1','1','1','','','',''),(678,73,0,231204,'Центральный','Средний',0,2,'Съемное',3,13,9,'','1','1','','','',''),(679,30,0,415286,'Ленинский','Средний',0,1,'Съемное',7,6,12,'','','','1','1','',''),(680,54,0,338493,'Левобережный','Высокий',0,2,'Собственное',9,6,3,'1','','','1','','',''),(681,47,1,685368,'Советский','Высокий',2,4,'Собственное',5,12,2,'','','','1','1','1',''),(682,28,1,476583,'Коминтерновский','Средний',0,2,'Собственное',13,4,13,'','','','1','1','',''),(683,26,1,974070,'Железнодорожный','Высокий',0,1,'Собственное',9,3,10,'','1','','1','1','1',''),(684,52,0,679576,'Центральный','Средний',0,2,'Собственное',3,11,1,'1','1','1','','1','1',''),(685,50,0,199830,'Советский','Средний',0,1,'Съемное',1,7,6,'1','','1','','','',''),(686,61,1,546956,'Левобережный','Средний',0,2,'Съемное',10,9,1,'','1','1','','','','1'),(687,38,1,493523,'Железнодорожный','Низкий',0,2,'Съемное',14,4,4,'','1','1','1','','1','1'),(688,37,0,127349,'Советский','Средний',1,4,'Собственное',1,6,9,'','1','','','1','',''),(689,64,1,439550,'Левобережный','Средний',0,2,'Собственное',9,2,12,'1','','1','','','',''),(690,35,1,148028,'Советский','Высокий',0,1,'Собственное',12,10,15,'1','','1','','1','1','1'),(691,27,0,755231,'Коминтерновский','Средний',1,3,'Съемное',11,4,8,'','','1','1','','',''),(692,68,1,156762,'Железнодорожный','Высокий',0,2,'Собственное',7,9,1,'','1','1','','1','1','1'),(693,73,0,105216,'Ленинский','Средний',0,2,'Съемное',8,12,8,'','1','','','','','1'),(694,59,1,516575,'Ленинский','Средний',0,2,'Съемное',14,4,3,'','','1','1','','1',''),(695,71,0,317708,'Левобережный','Низкий',0,2,'Съемное',9,6,12,'1','1','1','1','1','','1'),(696,52,1,725300,'Железнодорожный','Средний',0,2,'Собственное',14,14,4,'1','','','1','1','1',''),(697,18,0,478385,'Советский','Средний',1,3,'Съемное',5,10,11,'','','1','','1','','1'),(698,69,0,444642,'Ленинский','Средний',0,2,'Съемное',15,4,3,'1','1','','1','','','1'),(699,56,0,544715,'Левобережный','Низкий',0,2,'Собственное',7,15,11,'1','1','1','','1','','1'),(700,56,1,885864,'Железнодорожный','Высокий',0,2,'Собственное',12,1,2,'1','1','','1','1','',''),(701,61,1,295858,'Ленинский','Средний',0,2,'Съемное',13,14,15,'1','1','1','1','1','1',''),(702,64,1,963868,'Советский','Низкий',0,2,'Съемное',3,10,9,'1','','','1','1','1',''),(703,48,0,656136,'Центральный','Средний',1,3,'Собственное',4,1,5,'1','','1','','','1','1'),(704,41,1,744463,'Железнодорожный','Средний',2,4,'Съемное',3,9,4,'','','','','1','','1'),(705,67,1,206480,'Коминтерновский','Низкий',0,2,'Собственное',13,3,11,'','','','1','1','1','1'),(706,18,1,974547,'Советский','Высокий',0,2,'Собственное',8,3,14,'1','1','','1','','1',''),(707,45,0,730930,'Советский','Высокий',0,2,'Собственное',8,3,15,'','','1','1','','1',''),(708,39,1,993220,'Ленинский','Средний',1,3,'Съемное',8,13,7,'1','','1','','1','','1'),(709,22,1,266429,'Коминтерновский','Средний',2,4,'Съемное',9,6,9,'1','1','','','','1','1'),(710,61,0,909404,'Центральный','Средний',0,2,'Собственное',5,11,7,'1','','','','','1',''),(711,60,1,851238,'Железнодорожный','Средний',0,2,'Съемное',6,10,8,'','1','1','1','','',''),(713,49,1,972251,'Ленинский','Высокий',0,2,'Собственное',12,8,4,'1','1','1','1','','1','1'),(714,47,0,702412,'Левобережный','Высокий',0,2,'Собственное',4,1,5,'','','1','1','','1','1'),(715,33,0,474812,'Железнодорожный','Средний',1,3,'Собственное',2,7,15,'','1','','1','','',''),(716,27,0,535432,'Коминтерновский','Средний',0,1,'Собственное',15,5,10,'','1','1','1','1','1',''),(717,67,0,772939,'Левобережный','Низкий',0,1,'Съемное',10,2,3,'','1','','1','1','1',''),(718,49,0,686769,'Советский','Средний',1,3,'Съемное',13,15,11,'','','','1','1','1',''),(719,73,1,628684,'Левобережный','Высокий',0,2,'Собственное',3,6,6,'','1','','','','','1'),(720,52,1,415610,'Коминтерновский','Высокий',0,2,'Собственное',1,3,14,'','','','1','1','',''),(721,53,0,964514,'Ленинский','Средний',0,2,'Съемное',3,5,4,'','1','1','','','1',''),(722,53,1,190418,'Левобережный','Высокий',0,2,'Собственное',3,12,2,'1','','1','1','1','1',''),(723,60,0,805277,'Ленинский','Средний',0,2,'Съемное',10,11,4,'1','1','','1','1','1','1'),(724,54,0,346095,'Центральный','Средний',0,2,'Съемное',13,15,15,'1','1','1','','','',''),(725,29,1,709491,'Левобережный','Низкий',1,3,'Съемное',5,8,1,'','1','','1','','','1'),(726,28,0,123186,'Советский','Низкий',1,4,'Собственное',10,9,13,'','1','','1','','','1'),(727,52,0,691465,'Железнодорожный','Средний',0,1,'Съемное',5,7,8,'','1','1','1','','1',''),(728,28,1,450153,'Левобережный','Средний',0,2,'Съемное',15,8,3,'1','1','','','1','1',''),(729,69,0,780645,'Левобережный','Средний',0,2,'Собственное',14,8,13,'1','','','1','','1',''),(730,63,0,944528,'Коминтерновский','Средний',0,2,'Съемное',11,3,12,'1','','','1','1','1','1'),(731,38,1,324058,'Советский','Высокий',1,3,'Собственное',9,15,3,'1','','','1','','',''),(732,32,1,594622,'Левобережный','Высокий',2,5,'Собственное',10,5,8,'1','','1','1','','1',''),(733,39,0,850310,'Коминтерновский','Средний',0,2,'Съемное',11,14,8,'1','1','','1','','1','1'),(734,44,1,696383,'Железнодорожный','Низкий',0,1,'Съемное',2,4,6,'1','','1','1','1','1','1'),(735,24,1,195129,'Советский','Низкий',2,5,'Съемное',12,4,15,'','','1','','','','1'),(736,51,0,667226,'Коминтерновский','Средний',0,2,'Съемное',11,9,14,'','','','1','1','1',''),(737,68,1,413779,'Центральный','Средний',0,2,'Съемное',7,2,15,'1','1','','','','1',''),(738,53,0,231570,'Центральный','Средний',0,2,'Собственное',2,3,13,'1','','','1','','1',''),(739,58,0,114058,'Ленинский','Высокий',0,2,'Собственное',8,9,12,'','1','1','','1','1','1'),(740,71,0,192874,'Левобережный','Средний',0,1,'Собственное',5,11,14,'1','','1','1','1','1','1'),(741,47,1,732466,'Советский','Средний',1,3,'Собственное',6,8,5,'','','','1','','1','1'),(742,74,1,123242,'Коминтерновский','Высокий',0,2,'Собственное',15,1,7,'','1','1','1','1','1','1'),(743,50,0,546127,'Железнодорожный','Средний',0,1,'Собственное',6,8,12,'','','','1','1','1','1'),(744,18,0,718266,'Центральный','Средний',0,2,'Съемное',10,7,8,'','1','1','','','',''),(745,28,0,858734,'Советский','Средний',2,4,'Собственное',11,11,10,'1','','1','1','1','','1'),(746,44,1,485927,'Левобережный','Низкий',0,2,'Съемное',5,15,1,'','','1','','1','1','1'),(747,43,0,224498,'Железнодорожный','Средний',0,2,'Съемное',4,6,11,'1','1','1','','1','',''),(748,54,0,875901,'Советский','Низкий',0,2,'Съемное',3,10,13,'1','1','','','1','1','1'),(749,25,1,427262,'Левобережный','Низкий',0,2,'Съемное',5,1,11,'','1','','1','','',''),(750,64,1,910012,'Советский','Высокий',0,2,'Собственное',2,10,1,'1','1','','1','1','','1'),(751,40,0,302344,'Коминтерновский','Средний',3,6,'Съемное',13,8,4,'','1','','1','','','1'),(752,25,0,551950,'Железнодорожный','Средний',1,3,'Съемное',5,1,4,'1','1','1','1','','','1'),(753,23,0,336002,'Ленинский','Низкий',0,2,'Съемное',5,11,5,'1','','','','1','',''),(754,24,0,485094,'Ленинский','Низкий',2,5,'Съемное',12,5,1,'','','','','','1',''),(755,37,0,263994,'Левобережный','Средний',2,5,'Собственное',10,13,15,'','1','','1','','1','1'),(756,64,0,149316,'Железнодорожный','Средний',0,2,'Собственное',8,5,13,'','','','','','','1'),(757,74,0,894866,'Советский','Средний',0,2,'Съемное',1,8,6,'1','1','1','1','1','1','1'),(758,40,0,276773,'Ленинский','Низкий',0,2,'Съемное',6,13,14,'1','1','1','','','','1'),(759,69,0,526887,'Левобережный','Низкий',0,2,'Собственное',12,4,8,'1','1','1','','','',''),(760,24,0,302830,'Железнодорожный','Средний',0,2,'Собственное',2,12,15,'','','','1','','',''),(761,44,0,849400,'Ленинский','Низкий',2,5,'Съемное',2,10,2,'','','1','','','','1'),(762,61,0,709476,'Советский','Средний',0,2,'Собственное',13,3,13,'1','1','1','1','','1','1'),(763,59,0,969571,'Центральный','Высокий',0,2,'Собственное',2,8,10,'1','1','','','1','','1'),(764,51,0,537370,'Центральный','Высокий',0,1,'Собственное',9,9,2,'','','','','','',''),(765,60,0,268236,'Железнодорожный','Высокий',0,1,'Собственное',13,12,8,'','1','1','','','1','1'),(766,66,0,154454,'Коминтерновский','Низкий',0,2,'Съемное',1,10,15,'','1','','1','1','1',''),(767,58,0,659833,'Советский','Средний',0,1,'Съемное',9,12,6,'1','1','1','1','','1','1'),(768,60,0,491545,'Советский','Средний',0,2,'Собственное',5,7,1,'','','','','1','1','1'),(769,37,0,119245,'Ленинский','Средний',2,4,'Собственное',6,1,5,'','1','1','1','1','',''),(770,34,0,323620,'Коминтерновский','Низкий',1,4,'Собственное',5,2,5,'1','','1','1','1','','1'),(771,50,0,311998,'Центральный','Высокий',0,2,'Собственное',7,11,13,'','1','1','','','',''),(772,20,0,765700,'Железнодорожный','Средний',1,3,'Съемное',5,4,12,'','1','','','','1',''),(773,62,0,171894,'Железнодорожный','Средний',0,2,'Съемное',2,13,11,'','1','1','','1','1','1'),(774,75,0,906065,'Ленинский','Высокий',0,1,'Собственное',14,13,2,'1','1','1','','1','1','1'),(777,52,0,398708,'Коминтерновский','Низкий',0,1,'Съемное',1,15,14,'','','1','1','1','',''),(778,24,0,712988,'Левобережный','Низкий',0,2,'Собственное',8,6,4,'1','1','1','1','','','1'),(779,70,0,162840,'Советский','Высокий',0,2,'Собственное',6,11,1,'1','1','','','','1','1'),(780,28,0,622737,'Левобережный','Низкий',0,1,'Собственное',13,9,9,'1','','1','','1','','1'),(781,29,0,606470,'Коминтерновский','Низкий',0,2,'Собственное',12,14,1,'1','1','1','','','1',''),(782,32,0,856952,'Ленинский','Средний',0,2,'Собственное',6,14,15,'','','1','','1','1','1'),(783,71,0,663640,'Левобережный','Высокий',0,2,'Собственное',10,15,15,'1','1','','1','1','1','1'),(784,18,0,511861,'Ленинский','Высокий',0,1,'Собственное',3,15,10,'1','','','1','','1','1'),(785,19,0,594688,'Центральный','Высокий',2,5,'Собственное',2,13,8,'1','','1','1','','',''),(786,56,0,720139,'Левобережный','Низкий',0,2,'Собственное',13,2,12,'','','','1','','1',''),(787,61,0,526591,'Советский','Высокий',0,1,'Собственное',1,1,9,'','','','','','1',''),(788,30,0,414774,'Железнодорожный','Средний',0,2,'Собственное',5,6,8,'1','','1','','','',''),(789,28,0,471183,'Левобережный','Средний',1,3,'Собственное',5,1,3,'1','1','','1','','1',''),(790,20,0,131595,'Левобережный','Низкий',0,1,'Собственное',11,12,13,'1','','','','','','1'),(791,26,0,616380,'Коминтерновский','Низкий',1,4,'Съемное',11,4,1,'','','','','1','','1'),(792,56,0,606738,'Советский','Средний',0,2,'Собственное',1,13,15,'','1','','1','','',''),(793,37,0,724032,'Левобережный','Низкий',0,1,'Съемное',14,7,9,'','1','','1','','',''),(794,40,0,989056,'Коминтерновский','Средний',0,2,'Съемное',13,1,6,'1','','1','','1','','1'),(795,25,0,422980,'Железнодорожный','Средний',1,3,'Собственное',7,3,13,'','','','1','','1',''),(796,46,0,675458,'Советский','Низкий',0,2,'Собственное',1,6,15,'','','','1','','1',''),(797,60,0,193833,'Коминтерновский','Низкий',0,2,'Собственное',6,2,13,'','1','1','','1','',''),(798,32,0,387263,'Центральный','Высокий',2,5,'Собственное',3,5,6,'','','1','','','',''),(799,27,0,267338,'Центральный','Высокий',1,3,'Собственное',6,4,1,'','1','','','1','1','1'),(800,36,0,853278,'Ленинский','Средний',0,2,'Съемное',9,7,5,'1','1','','1','1','1','1'),(801,71,0,442831,'Левобережный','Высокий',0,1,'Собственное',10,4,3,'1','','','','1','1','1'),(802,28,0,890240,'Советский','Низкий',3,5,'Собственное',14,10,2,'','1','1','1','','1','1'),(803,20,0,106798,'Коминтерновский','Низкий',0,1,'Съемное',12,2,1,'1','1','','','','','1'),(804,36,0,118887,'Железнодорожный','Средний',0,2,'Съемное',10,2,14,'','','','','','1','1'),(805,40,0,748452,'Центральный','Средний',2,4,'Съемное',9,3,1,'1','','','1','1','1',''),(806,32,0,436921,'Советский','Низкий',1,3,'Собственное',1,12,1,'','','1','1','1','','1'),(807,26,0,461064,'Левобережный','Средний',0,2,'Собственное',7,15,15,'1','','','','1','',''),(808,66,0,446769,'Железнодорожный','Высокий',0,1,'Собственное',5,4,1,'1','1','1','1','','1','1'),(809,56,0,921272,'Советский','Средний',0,2,'Съемное',1,3,12,'1','1','','','1','1','1'),(810,22,0,218489,'Левобережный','Низкий',1,3,'Съемное',7,3,9,'1','','','','','1',''),(811,32,0,311102,'Советский','Средний',2,5,'Съемное',5,7,7,'1','1','1','','','1','1'),(812,60,0,240170,'Коминтерновский','Средний',0,2,'Собственное',8,6,1,'1','1','1','','','',''),(813,67,0,960745,'Железнодорожный','Высокий',0,1,'Собственное',2,4,6,'1','1','1','1','','1','1'),(814,51,0,863068,'Ленинский','Средний',0,1,'Съемное',4,7,12,'','','','1','1','',''),(815,28,0,198648,'Ленинский','Средний',1,3,'Съемное',6,13,11,'1','1','','','1','1','1'),(816,36,0,626777,'Левобережный','Высокий',2,4,'Собственное',7,4,3,'1','','1','','1','',''),(817,44,0,169374,'Железнодорожный','Высокий',0,2,'Собственное',9,6,3,'','1','','','','',''),(818,67,0,632054,'Советский','Средний',0,1,'Собственное',9,12,4,'1','1','','','','','1'),(819,28,0,842603,'Ленинский','Средний',1,3,'Съемное',10,13,3,'','','1','1','','1',''),(820,75,0,356477,'Левобережный','Средний',0,2,'Собственное',3,8,9,'','1','','','','1','1'),(821,18,0,705462,'Железнодорожный','Средний',0,2,'Съемное',14,3,14,'1','','','','','','1'),(822,37,0,352567,'Ленинский','Средний',1,3,'Съемное',8,3,10,'','','','1','','1',''),(823,36,0,384928,'Советский','Высокий',0,2,'Собственное',5,1,7,'1','1','1','1','','1','1'),(824,36,0,326970,'Центральный','Средний',0,1,'Съемное',13,14,6,'','1','1','','','','1'),(825,30,0,926630,'Центральный','Средний',0,1,'Съемное',11,14,9,'','1','','1','','1','1'),(826,33,0,498068,'Железнодорожный','Низкий',3,5,'Съемное',13,3,2,'','1','1','','','1','1'),(827,20,0,609992,'Коминтерновский','Средний',1,3,'Собственное',15,7,10,'','','','1','','',''),(828,64,0,539312,'Советский','Высокий',0,2,'Собственное',4,3,11,'','','','','1','',''),(829,59,0,162054,'Советский','Средний',0,2,'Съемное',8,2,5,'','1','','','','',''),(830,61,0,438357,'Ленинский','Высокий',0,2,'Собственное',9,14,15,'1','1','','1','1','1','1'),(831,22,0,409956,'Коминтерновский','Низкий',1,3,'Собственное',11,13,5,'','1','','','','','1'),(832,40,0,984302,'Центральный','Средний',2,5,'Съемное',9,4,3,'1','','','','1','1','1'),(833,48,0,164778,'Железнодорожный','Высокий',0,2,'Собственное',10,4,4,'1','','','1','1','1',''),(834,65,0,871559,'Железнодорожный','Низкий',0,2,'Съемное',11,14,14,'','','1','','1','1','1'),(835,57,0,513068,'Ленинский','Высокий',0,2,'Собственное',5,8,5,'','','1','','1','1',''),(836,67,0,582376,'Левобережный','Высокий',0,2,'Собственное',12,11,1,'1','','1','1','1','1','1'),(837,53,0,898058,'Железнодорожный','Средний',0,2,'Собственное',15,6,11,'','','','1','','','1'),(838,72,0,481401,'Коминтерновский','Низкий',0,1,'Собственное',1,1,9,'','','','1','1','1',''),(839,60,0,970351,'Левобережный','Средний',0,1,'Собственное',11,2,14,'1','','1','','1','1','1'),(840,69,0,902926,'Советский','Низкий',0,1,'Съемное',1,11,10,'1','1','','1','1','','1'),(842,55,0,840640,'Коминтерновский','Низкий',0,1,'Собственное',13,1,7,'','1','1','','1','','1'),(843,63,0,566377,'Ленинский','Низкий',0,1,'Съемное',10,7,15,'','1','','1','','1','1'),(844,35,0,240207,'Левобережный','Средний',1,3,'Съемное',1,12,15,'','','','1','','','1'),(845,64,0,367481,'Ленинский','Средний',0,2,'Съемное',3,1,9,'1','','1','1','','',''),(846,54,0,793230,'Центральный','Высокий',0,2,'Собственное',5,11,1,'1','','1','1','','1',''),(847,28,0,445986,'Левобережный','Высокий',0,2,'Собственное',11,5,4,'','','1','1','','1',''),(848,60,0,927228,'Советский','Низкий',0,2,'Собственное',5,4,12,'1','','1','','1','1','1'),(849,49,0,160944,'Железнодорожный','Низкий',2,4,'Съемное',7,1,15,'1','','','1','1','',''),(850,21,0,500737,'Левобережный','Средний',0,1,'Съемное',12,13,6,'','1','','1','','','1'),(851,49,0,900535,'Левобережный','Высокий',3,5,'Собственное',11,12,14,'1','','','1','1','1','1'),(852,47,0,832657,'Коминтерновский','Средний',0,1,'Собственное',11,14,6,'','','1','','','1','1'),(853,61,0,209317,'Советский','Средний',0,2,'Съемное',6,9,3,'','1','','1','1','',''),(854,69,0,255459,'Левобережный','Средний',0,1,'Съемное',10,4,7,'1','1','1','1','1','',''),(855,27,0,991414,'Коминтерновский','Высокий',0,2,'Собственное',7,14,1,'1','1','','1','','1',''),(856,49,0,870813,'Железнодорожный','Низкий',1,3,'Съемное',8,9,9,'','','','1','','',''),(857,55,0,448781,'Советский','Высокий',0,2,'Собственное',6,10,4,'1','','','','','',''),(858,72,0,255440,'Коминтерновский','Средний',0,2,'Съемное',4,11,15,'1','1','','','','1',''),(859,33,0,218490,'Центральный','Высокий',0,1,'Собственное',7,10,1,'1','1','','','','',''),(860,74,0,240787,'Центральный','Средний',0,2,'Собственное',7,5,7,'','1','1','1','','1',''),(861,66,0,835527,'Ленинский','Средний',0,2,'Собственное',14,10,2,'1','','1','','1','',''),(862,60,0,602576,'Левобережный','Высокий',0,1,'Собственное',7,9,6,'1','1','1','1','','1','1'),(863,68,0,407969,'Советский','Низкий',0,2,'Съемное',8,11,9,'1','1','1','1','','1','1'),(864,29,0,783699,'Коминтерновский','Средний',2,5,'Собственное',3,10,5,'1','1','','','','1','1'),(865,57,0,982395,'Железнодорожный','Низкий',0,2,'Съемное',4,3,14,'1','','','1','','1',''),(866,31,0,422382,'Центральный','Высокий',0,1,'Собственное',4,8,2,'1','1','','','','1',''),(867,19,0,521091,'Советский','Средний',2,5,'Собственное',7,9,5,'1','1','','','1','','1'),(868,20,0,769659,'Левобережный','Высокий',0,2,'Собственное',13,9,7,'','','1','','1','1','1'),(869,57,0,183402,'Железнодорожный','Высокий',0,2,'Собственное',8,7,15,'','1','1','1','1','1','1'),(870,31,0,391993,'Советский','Высокий',0,2,'Собственное',11,3,6,'','','1','','1','1','1'),(871,31,0,579715,'Левобережный','Средний',0,1,'Собственное',6,9,14,'1','','','','','1','1'),(872,24,0,942971,'Советский','Высокий',1,3,'Собственное',5,9,7,'','','1','','','','1'),(873,46,0,383344,'Коминтерновский','Высокий',3,5,'Собственное',14,12,13,'1','1','1','1','','','1'),(874,25,0,393746,'Железнодорожный','Высокий',2,5,'Собственное',14,8,14,'1','1','','','1','1',''),(875,54,0,566076,'Ленинский','Низкий',0,2,'Съемное',7,7,15,'','1','1','','','1','1'),(876,66,0,146021,'Ленинский','Низкий',0,2,'Съемное',15,6,1,'','','1','','','','1'),(877,69,0,757984,'Левобережный','Низкий',0,2,'Съемное',4,13,13,'','1','','1','1','1',''),(878,40,0,336150,'Железнодорожный','Средний',2,4,'Собственное',7,9,6,'1','','','1','','1','1'),(879,70,0,674719,'Советский','Средний',0,2,'Съемное',1,7,5,'','','1','1','1','1','1'),(880,27,1,377848,'Ленинский','Низкий',0,2,'Собственное',1,5,9,'','1','1','','','1','1'),(881,74,1,582131,'Левобережный','Низкий',0,2,'Собственное',4,2,2,'1','1','1','','1','1','1'),(882,27,0,285418,'Железнодорожный','Средний',0,2,'Съемное',14,13,9,'1','1','','1','1','1',''),(883,37,1,515698,'Ленинский','Высокий',2,4,'Собственное',12,15,10,'1','1','','','','','1'),(884,20,0,568894,'Советский','Низкий',0,2,'Съемное',6,13,11,'1','1','','1','','','1'),(885,55,0,853064,'Центральный','Высокий',0,2,'Собственное',12,2,4,'','1','','1','1','','1'),(886,63,1,630277,'Центральный','Высокий',0,1,'Собственное',2,6,15,'1','1','','1','','','1'),(887,52,1,946687,'Железнодорожный','Средний',0,2,'Съемное',7,6,11,'','','','','','',''),(888,73,0,225673,'Коминтерновский','Высокий',0,2,'Собственное',10,15,9,'','','','1','1','',''),(889,46,0,512835,'Советский','Средний',0,1,'Съемное',1,12,10,'1','','1','','1','',''),(890,73,0,126051,'Советский','Высокий',0,2,'Собственное',10,11,4,'1','1','1','','1','1','1'),(891,44,1,840180,'Ленинский','Высокий',2,5,'Собственное',2,7,6,'1','','1','1','1','',''),(892,66,0,996641,'Коминтерновский','Высокий',0,2,'Собственное',5,12,14,'1','','','','1','',''),(893,42,0,776761,'Центральный','Средний',0,1,'Съемное',15,7,6,'1','1','1','1','1','1','1'),(894,37,1,851043,'Железнодорожный','Средний',1,3,'Собственное',6,2,5,'1','','1','1','1','1',''),(895,56,0,379206,'Железнодорожный','Высокий',0,1,'Собственное',3,13,12,'1','1','1','1','','1',''),(896,67,1,316567,'Ленинский','Средний',0,2,'Съемное',9,13,9,'','1','','1','1','1',''),(897,38,1,346750,'Левобережный','Средний',2,4,'Съемное',11,11,5,'1','1','1','','','1','1'),(898,26,0,380328,'Железнодорожный','Средний',0,1,'Собственное',13,14,6,'','1','','1','1','',''),(899,74,0,660723,'Коминтерновский','Низкий',0,2,'Съемное',6,11,7,'1','','1','1','1','','1'),(900,68,1,309886,'Левобережный','Высокий',0,1,'Собственное',13,12,13,'1','1','1','','','1',''),(901,56,1,522041,'Советский','Низкий',0,1,'Собственное',7,1,1,'','1','1','','','1',''),(902,23,0,347533,'Левобережный','Низкий',0,2,'Собственное',12,12,9,'1','','1','','','','1'),(903,65,0,553136,'Коминтерновский','Высокий',0,1,'Собственное',14,12,15,'1','1','1','1','1','1','1'),(904,72,0,818342,'Ленинский','Высокий',0,2,'Собственное',2,15,4,'','','','1','','1',''),(905,45,1,298236,'Левобережный','Высокий',1,3,'Собственное',5,6,3,'','','','1','1','1','1'),(906,22,0,581564,'Ленинский','Средний',2,4,'Съемное',1,5,10,'1','1','1','','','','1'),(907,53,0,523287,'Центральный','Средний',0,2,'Собственное',6,9,11,'','1','','','','1','1'),(908,33,0,498692,'Левобережный','Средний',0,1,'Собственное',2,14,11,'','1','1','1','','','1'),(909,39,1,842046,'Советский','Низкий',2,4,'Съемное',10,5,2,'1','1','','','1','1','1'),(910,35,1,979593,'Железнодорожный','Средний',2,4,'Съемное',6,10,15,'1','1','','','','1',''),(911,44,1,498071,'Левобережный','Высокий',0,1,'Собственное',5,4,5,'','1','1','','','','1'),(912,63,0,215729,'Левобережный','Низкий',0,2,'Собственное',4,4,8,'','','1','1','1','1','1'),(913,54,0,835537,'Коминтерновский','Средний',0,2,'Съемное',6,11,11,'','1','','','','1',''),(914,74,0,665053,'Советский','Средний',0,2,'Собственное',7,9,5,'1','1','1','1','1','',''),(915,39,0,132689,'Левобережный','Низкий',0,2,'Съемное',6,14,8,'1','','1','','','1',''),(916,72,0,180267,'Коминтерновский','Низкий',0,2,'Съемное',7,12,8,'','1','1','','1','1',''),(917,49,1,579649,'Железнодорожный','Высокий',0,1,'Собственное',12,12,12,'1','1','','1','1','','1'),(918,26,0,819274,'Советский','Низкий',0,1,'Съемное',12,15,7,'1','','','','1','1',''),(919,49,1,250249,'Коминтерновский','Высокий',0,2,'Собственное',7,1,14,'','1','','','','',''),(920,58,0,811943,'Центральный','Средний',0,2,'Собственное',3,2,14,'1','1','','','','1',''),(921,67,1,152745,'Центральный','Средний',0,2,'Собственное',14,7,12,'','1','1','1','','1','1'),(922,32,0,583389,'Ленинский','Средний',0,2,'Съемное',4,7,14,'1','','','','','1','1'),(923,66,0,714052,'Левобережный','Средний',0,2,'Съемное',5,14,12,'','','','','1','','1'),(924,68,0,362532,'Советский','Высокий',0,2,'Собственное',3,8,4,'','','','1','','',''),(925,68,1,130101,'Коминтерновский','Низкий',0,2,'Съемное',11,12,12,'','1','','','1','1','1'),(926,33,0,167801,'Железнодорожный','Средний',0,1,'Съемное',8,7,9,'1','1','1','','1','1',''),(927,22,0,251304,'Центральный','Высокий',0,2,'Собственное',7,12,12,'1','1','','','1','',''),(928,67,0,562626,'Советский','Высокий',0,2,'Собственное',13,3,12,'','1','1','1','1','',''),(929,52,0,752094,'Левобережный','Средний',0,2,'Собственное',10,11,8,'1','1','1','1','','',''),(930,33,0,759004,'Железнодорожный','Средний',1,3,'Собственное',2,9,14,'1','1','','','','','1'),(931,25,0,985809,'Советский','Средний',0,1,'Съемное',2,10,3,'','','','','','1','1'),(932,52,0,412127,'Левобережный','Высокий',0,2,'Собственное',12,10,2,'1','','1','1','','1',''),(933,68,0,532773,'Советский','Средний',0,2,'Собственное',13,15,4,'1','','','','1','1','1'),(934,27,0,550169,'Коминтерновский','Высокий',2,5,'Собственное',5,2,3,'1','','1','','','',''),(935,53,0,744180,'Железнодорожный','Высокий',0,2,'Собственное',9,10,8,'1','1','1','','','','1'),(936,21,0,366228,'Ленинский','Низкий',3,5,'Собственное',3,7,9,'','','','1','1','','1'),(937,71,0,721477,'Ленинский','Средний',0,2,'Съемное',1,11,1,'1','1','','1','1','','1'),(938,58,0,613189,'Левобережный','Средний',0,1,'Собственное',5,1,7,'','1','1','','1','1','1'),(939,66,0,892108,'Железнодорожный','Средний',0,1,'Собственное',4,1,1,'','1','','1','1','',''),(940,36,0,826282,'Советский','Средний',1,3,'Съемное',4,11,5,'1','1','1','','1','','1'),(941,62,0,569948,'Ленинский','Средний',0,2,'Съемное',4,5,3,'1','','1','1','1','1','1'),(942,61,0,672331,'Левобережный','Низкий',0,2,'Съемное',4,15,11,'','','1','','1','','1'),(943,36,0,743120,'Железнодорожный','Средний',1,4,'Собственное',5,2,4,'1','1','1','1','','','1'),(944,35,0,594395,'Ленинский','Низкий',0,2,'Собственное',4,11,12,'','1','','1','1','1',''),(945,58,0,741332,'Советский','Низкий',0,2,'Съемное',1,15,2,'','','1','1','','1','1'),(946,54,0,496625,'Центральный','Высокий',0,2,'Собственное',13,10,2,'1','1','','1','','1','1'),(947,71,0,463625,'Центральный','Высокий',0,1,'Собственное',1,1,3,'','','1','','','1',''),(948,67,0,479009,'Железнодорожный','Средний',0,2,'Собственное',13,14,8,'1','1','','1','','1',''),(949,57,0,477711,'Коминтерновский','Средний',0,2,'Собственное',1,6,14,'','','','1','','1',''),(950,35,0,201705,'Советский','Средний',0,1,'Собственное',13,5,8,'1','1','1','1','','',''),(951,23,0,889094,'Советский','Низкий',2,5,'Съемное',7,1,4,'1','','1','','','1',''),(952,28,0,938000,'Ленинский','Средний',2,5,'Собственное',11,12,8,'','','1','','1','','1'),(953,70,0,312820,'Коминтерновский','Средний',0,2,'Съемное',2,2,8,'1','','','1','','1',''),(954,56,0,554702,'Центральный','Высокий',0,1,'Собственное',2,15,3,'','','','','','1',''),(955,42,0,483098,'Железнодорожный','Средний',2,5,'Съемное',15,9,13,'1','1','','','','1','1'),(956,34,0,898350,'Железнодорожный','Средний',2,4,'Съемное',5,4,11,'1','1','1','1','','',''),(957,43,0,648594,'Ленинский','Высокий',2,5,'Собственное',7,10,4,'','1','1','','1','1','1'),(958,62,0,444759,'Левобережный','Средний',0,2,'Съемное',1,4,11,'1','1','1','1','','1','1'),(959,52,0,351709,'Железнодорожный','Низкий',0,2,'Собственное',2,1,12,'','','','1','','','1'),(960,29,0,710298,'Коминтерновский','Средний',1,4,'Съемное',8,12,6,'','','','','1','1','1'),(961,45,0,861057,'Левобережный','Средний',0,1,'Съемное',8,4,12,'','','','','1','1','1'),(962,38,0,906127,'Советский','Средний',0,2,'Собственное',6,13,8,'1','','1','','','1',''),(963,63,0,291613,'Левобережный','Средний',0,2,'Собственное',15,6,13,'','','','1','1','1','1'),(964,43,0,951412,'Коминтерновский','Средний',1,3,'Съемное',4,5,2,'','','1','1','1','','1'),(965,24,0,106573,'Ленинский','Высокий',1,3,'Собственное',15,2,10,'1','','','','1','',''),(966,28,0,645991,'Левобережный','Высокий',2,4,'Собственное',4,9,6,'','1','1','1','1','',''),(967,62,0,217363,'Ленинский','Средний',0,1,'Съемное',5,10,1,'','','1','1','','','1'),(968,63,0,289017,'Центральный','Высокий',0,1,'Собственное',1,13,10,'1','','1','1','','',''),(969,71,0,441708,'Левобережный','Высокий',0,2,'Собственное',4,11,2,'','1','','1','','','1'),(970,65,0,891083,'Советский','Высокий',0,2,'Собственное',1,8,5,'','','','1','1','',''),(971,44,0,376835,'Железнодорожный','Средний',0,2,'Собственное',13,3,3,'','','1','','','1',''),(972,34,0,301423,'Левобережный','Низкий',0,2,'Съемное',1,5,10,'1','1','','1','1','',''),(973,20,0,133504,'Левобережный','Низкий',0,1,'Съемное',13,3,1,'','1','1','','','1','1'),(974,39,0,354221,'Коминтерновский','Средний',2,4,'Съемное',6,14,2,'','','1','','1','','1'),(975,48,0,414108,'Советский','Средний',0,2,'Съемное',4,13,8,'','1','1','1','','',''),(976,26,0,550774,'Левобережный','Низкий',2,5,'Съемное',5,3,8,'1','','1','','1','1','1'),(977,68,0,569603,'Коминтерновский','Высокий',0,2,'Собственное',2,6,3,'','1','1','','','',''),(978,52,0,129990,'Железнодорожный','Низкий',0,1,'Съемное',2,7,12,'1','','','','','1',''),(979,25,0,531609,'Советский','Высокий',0,1,'Собственное',15,15,15,'','','','1','1','',''),(980,32,0,303137,'Коминтерновский','Высокий',2,5,'Съемное',10,5,8,'','1','','1','1','1','1'),(981,75,0,312673,'Центральный','Средний',0,2,'Съемное',15,10,1,'1','1','1','','1','','1'),(982,40,0,509364,'Центральный','Средний',2,4,'Съемное',5,14,10,'1','1','','1','','',''),(983,28,0,498882,'Ленинский','Средний',0,1,'Съемное',4,6,14,'1','','1','','','',''),(984,73,0,914258,'Левобережный','Средний',0,1,'Собственное',6,7,4,'1','','1','','1','',''),(985,41,0,936336,'Советский','Низкий',0,1,'Съемное',3,2,6,'1','','1','1','1','1',''),(986,73,0,693978,'Коминтерновский','Низкий',0,1,'Собственное',6,10,7,'1','1','','1','','','1'),(987,28,0,951533,'Железнодорожный','Средний',2,4,'Съемное',13,14,4,'','','','1','1','1','1'),(988,41,0,942497,'Центральный','Высокий',0,1,'Собственное',6,9,3,'','1','1','1','1','1',''),(989,50,0,719504,'Советский','Средний',0,2,'Съемное',3,14,7,'','1','1','','','',''),(990,54,0,682615,'Левобережный','Низкий',0,2,'Съемное',11,1,6,'','1','','1','1','1',''),(991,44,0,790920,'Железнодорожный','Низкий',2,4,'Съемное',1,8,10,'','1','','1','','1','1'),(992,22,0,549468,'Советский','Низкий',2,4,'Съемное',11,3,4,'','1','','1','1','',''),(993,42,0,984058,'Левобережный','Средний',0,1,'Съемное',13,8,12,'','','','','1','','1'),(994,73,0,495640,'Советский','Средний',0,1,'Съемное',3,8,10,'1','1','','1','1','1',''),(995,28,0,194450,'Коминтерновский','Высокий',2,5,'Съемное',8,1,1,'1','1','','1','1','1','1'),(996,65,0,421912,'Железнодорожный','Низкий',0,2,'Съемное',2,2,12,'','1','','1','1','','1'),(997,67,0,559257,'Ленинский','Низкий',0,2,'Собственное',7,11,4,'','','','1','1','','1'),(998,54,0,512758,'Ленинский','Средний',0,2,'Собственное',1,9,2,'1','1','1','','','1','1'),(999,58,0,579292,'Левобережный','Средний',0,2,'Собственное',7,4,10,'1','1','1','1','','',''),(1000,46,0,219762,'Железнодорожный','Высокий',0,2,'Съемное',5,12,9,'','1','1','','','1','');
/*!40000 ALTER TABLE `политика` ENABLE KEYS */;
UNLOCK TABLES;

--
-- Table structure for table `районы`
--

DROP TABLE IF EXISTS `районы`;
/*!40101 SET @saved_cs_client     = @@character_set_client */;
/*!50503 SET character_set_client = utf8mb4 */;
CREATE TABLE `районы` (
  `Код` int NOT NULL,
  `Район` varchar(100) DEFAULT NULL,
  PRIMARY KEY (`Код`),
  KEY `Район` (`Район`)
) ENGINE=InnoDB DEFAULT CHARSET=utf8mb4 COLLATE=utf8mb4_0900_ai_ci;
/*!40101 SET character_set_client = @saved_cs_client */;

--
-- Dumping data for table `районы`
--

LOCK TABLES `районы` WRITE;
/*!40000 ALTER TABLE `районы` DISABLE KEYS */;
INSERT INTO `районы` VALUES (1,'Железнодорожный'),(2,'Коминтерновский'),(3,'Левобережный'),(4,'Ленинский'),(5,'Советский'),(6,'Центральный');
/*!40000 ALTER TABLE `районы` ENABLE KEYS */;
UNLOCK TABLES;

--
-- Table structure for table `удовл`
--

DROP TABLE IF EXISTS `удовл`;
/*!40101 SET @saved_cs_client     = @@character_set_client */;
/*!50503 SET character_set_client = utf8mb4 */;
CREATE TABLE `удовл` (
  `№анкеты` int NOT NULL,
  `Пол` int DEFAULT NULL,
  `Метка выгрузки` text,
  `Код района` int DEFAULT NULL,
  `Удовлетворенность качеством жизни` int DEFAULT NULL,
  `Удовлетворенность семейными отношениями` text,
  `Удовлетворенность работой` int DEFAULT NULL,
  `Религия` int DEFAULT NULL,
  PRIMARY KEY (`№анкеты`),
  KEY `FK_районы_кварталы_idx` (`Код района`),
  CONSTRAINT `FK_районы_кварталы` FOREIGN KEY (`Код района`) REFERENCES `районы` (`Код`)
) ENGINE=InnoDB DEFAULT CHARSET=utf8mb4 COLLATE=utf8mb4_0900_ai_ci;
/*!40101 SET character_set_client = @saved_cs_client */;

--
-- Dumping data for table `удовл`
--

LOCK TABLES `удовл` WRITE;
/*!40000 ALTER TABLE `удовл` DISABLE KEYS */;
INSERT INTO `удовл` VALUES (1,1,'',5,4,'7',7,0),(2,1,'',4,3,'6',8,0),(3,1,'1345',3,6,'7',7,1),(4,1,'',2,3,'3',4,0),(5,1,'',2,9,'',8,0),(6,1,'',2,4,'4',6,0),(7,1,'',2,8,'10',5,0),(9,1,'',2,5,'6',6,0),(11,1,'',6,5,'3',6,0),(12,1,'',5,3,'3',6,1),(13,1,'',5,4,'5',6,0),(14,1,'',5,7,'7',8,0),(15,1,'',3,4,'4',8,0),(16,1,'',6,9,'9',4,0),(17,1,'',4,4,'5',5,1),(18,1,'',5,4,'3',4,1),(19,1,'',6,3,'7',4,0),(20,1,'',1,3,'6',6,0),(21,1,'',3,4,'5',8,1),(22,1,'',5,2,'3',8,0),(23,1,'',4,2,'6',8,0),(25,1,'',5,6,'4',8,1),(26,1,'',3,9,'6',5,0),(27,1,'',3,6,'5',4,0),(28,1,'',5,4,'7',7,0),(29,1,'',5,4,'5',8,0),(30,1,'',5,9,'7',8,0),(31,1,'',4,1,'3',5,0),(32,1,'',5,4,'5',7,0),(33,1,'',3,8,'6',8,1),(34,1,'',1,5,'',8,1),(35,1,'',2,8,'10',6,0),(36,1,'',5,6,'3',5,1),(37,1,'',5,3,'6',7,0),(38,1,'',5,4,'6',6,0),(39,1,'',3,4,'5',4,0),(41,1,'',5,6,'',4,1),(42,1,'',6,4,'4',5,0),(43,1,'',1,4,'3',5,1),(44,1,'',1,7,'9',5,1),(46,1,'',1,5,'6',8,1),(47,1,'',6,3,'4',7,1),(48,1,'',4,4,'4',7,0),(49,1,'',2,9,'6',6,1),(50,1,'',3,7,'10',5,0),(51,1,'',4,5,'7',4,1),(52,1,'678',1,1,'4',8,1),(53,1,'',1,8,'9',5,1),(54,1,'',3,7,'',5,1),(55,1,'',4,7,'10',4,0),(57,1,'',3,8,'6',6,1),(58,1,'',6,3,'4',7,0),(59,1,'',4,3,'',6,0),(60,1,'',2,1,'7',5,0),(61,1,'',5,2,'4',7,1),(62,1,'',6,7,'10',4,0),(63,1,'',1,5,'',8,1),(64,1,'',3,6,'7',6,0),(66,1,'',6,3,'3',7,0),(67,1,'',2,6,'4',7,1),(68,1,'',1,3,'3',4,0),(69,1,'',6,2,'3',8,0),(70,1,'',6,8,'',6,0),(71,1,'',1,2,'5',7,1),(72,1,'',2,2,'4',5,0),(73,1,'',3,5,'3',5,1),(74,1,'',3,3,'',4,0),(75,1,'',1,7,'9',4,1),(76,1,'',6,3,'3',5,0),(77,1,'',4,7,'9',6,1),(78,1,'',1,8,'8',8,1),(79,1,'',4,8,'10',4,0),(80,1,'',3,3,'7',4,0),(81,1,'',4,4,'5',7,0),(82,1,'',5,9,'7',6,1),(83,1,'',1,6,'4',6,0),(84,1,'',1,3,'6',6,1),(85,0,'',6,8,'9',5,0),(87,0,'',1,8,'10',4,0),(88,0,'',6,6,'4',4,0),(89,0,'',1,6,'5',7,0),(90,0,'',1,7,'7',6,1),(91,0,'345',5,3,'3',8,0),(92,0,'',3,2,'3',6,0),(93,0,'',4,7,'8',4,1),(94,0,'',1,6,'5',7,1),(95,0,'',4,8,'10',5,0),(96,0,'',3,5,'5',6,1),(100,0,'',2,6,'7',8,1),(104,0,'',4,5,'6',5,1),(106,0,'',2,6,'3',5,1),(107,0,'',3,3,'7',7,0),(108,0,'',1,4,'5',5,1),(109,0,'',2,2,'5',6,0),(110,0,'',5,5,'6',5,1),(111,0,'',4,3,'3',5,1),(112,0,'',4,2,'',5,0),(113,0,'',4,4,'4',4,0),(114,0,'',4,8,'7',4,1),(115,0,'',3,7,'8',8,1),(118,0,'',4,9,'7',6,1),(119,0,'',3,8,'',7,1),(120,0,'',2,5,'6',6,1),(121,0,'841',6,8,'8',8,1),(122,0,'',4,6,'7',6,1),(123,0,'',3,2,'',6,1),(124,0,'',3,8,'7',7,1),(125,0,'',6,4,'3',5,1),(126,0,'',4,8,'7',7,1),(127,0,'',1,7,'9',8,1),(128,0,'',2,6,'4',7,1),(129,0,'',5,6,'6',8,0),(130,0,'',6,6,'5',5,0),(131,0,'',1,9,'10',6,1),(132,0,'',1,8,'8',7,1),(133,0,'',1,9,'8',6,0),(134,0,'',4,4,'7',4,1),(135,0,'',1,6,'3',5,0),(136,0,'',2,8,'7',5,1),(137,0,'',2,2,'5',5,1),(138,0,'',5,3,'',8,0),(139,0,'',2,7,'8',4,0),(140,0,'',6,3,'5',4,1),(141,0,'',6,4,'4',6,1),(142,0,'',4,9,'8',5,1),(143,0,'',5,4,'',5,0),(144,0,'',1,5,'4',6,1),(145,0,'',5,6,'6',5,1),(146,0,'',1,7,'7',7,0),(147,0,'',1,6,'4',6,1),(148,0,'',6,6,'7',4,1),(149,0,'',4,9,'7',8,0),(151,0,'',1,2,'5',5,1),(153,0,'',5,7,'',5,0),(154,0,'',2,3,'5',6,1),(155,0,'',5,5,'5',7,0),(156,0,'',1,6,'5',5,1),(157,0,'',1,6,'3',8,0),(158,0,'',1,4,'5',5,1),(159,0,'',2,3,'6',6,0),(160,0,'',3,2,'3',7,1),(161,0,'',3,8,'',5,0),(162,0,'',6,8,'7',5,1),(163,0,'',3,7,'7',7,0),(165,0,'',1,5,'5',5,1),(166,0,'',3,5,'6',5,1),(167,0,'',5,2,'',6,0),(170,0,'',2,9,'10',6,0),(171,0,'',1,8,'7',5,0),(172,1,'',6,8,'10',6,0),(173,1,'',3,5,'3',5,1);
/*!40000 ALTER TABLE `удовл` ENABLE KEYS */;
UNLOCK TABLES;
/*!40103 SET TIME_ZONE=@OLD_TIME_ZONE */;

/*!40101 SET SQL_MODE=@OLD_SQL_MODE */;
/*!40014 SET FOREIGN_KEY_CHECKS=@OLD_FOREIGN_KEY_CHECKS */;
/*!40014 SET UNIQUE_CHECKS=@OLD_UNIQUE_CHECKS */;
/*!40101 SET CHARACTER_SET_CLIENT=@OLD_CHARACTER_SET_CLIENT */;
/*!40101 SET CHARACTER_SET_RESULTS=@OLD_CHARACTER_SET_RESULTS */;
/*!40101 SET COLLATION_CONNECTION=@OLD_COLLATION_CONNECTION */;
/*!40111 SET SQL_NOTES=@OLD_SQL_NOTES */;

-- Dump completed on 2023-11-11 18:40:40
